user,item,rating
DiHcrz35,0FWC6r9jKkERmiT4,3
DiHcrz35,0NlDdAACVeC1Efgi,1
DiHcrz35,0QLmKuPMqjGjzLjU,1
DiHcrz35,0S2OSQDrvzr30axt,4
DiHcrz35,1S62K7cyM3FfXNZc,4
DiHcrz35,3HdLSUT1L2plIOtg,3
DiHcrz35,3feyTEfizBZiwN2x,5
DiHcrz35,5LWLJExmWd21gbec,4
DiHcrz35,5vKvCoGFRTbLfahH,1
DiHcrz35,6B8AikWqyWVNH0I0,3
DiHcrz35,6TYmHPIfccg3XbpP,3
DiHcrz35,6ee9eav5taMmijJk,1
DiHcrz35,BrZRaISD14PqQAfY,2
DiHcrz35,CrLwErqXg29AoyU3,4
DiHcrz35,DVG3E12NUO8kyMNW,1
DiHcrz35,DhKCbZYHlqM2T895,3
DiHcrz35,DlTrdGD4IqlHvlGo,1
DiHcrz35,ES6BldgFEWOxDY0L,1
DiHcrz35,F3jh1CurpKcWDNwk,2
DiHcrz35,FFDgrptgr2z7DV0a,1
DiHcrz35,FgTr5MMWdiAwhXJi,5
DiHcrz35,G8XCNtjuWKexncvI,4
DiHcrz35,Gk69ZGXuCca8f6uR,5
DiHcrz35,Gm9lQH0rPKlImBfl,3
DiHcrz35,H7epHwQq052SxSjP,3
DiHcrz35,HK8MmczkN6tcLz0h,2
DiHcrz35,HZDcNMBLUI1jd4wN,3
DiHcrz35,HZnlcDQB4HnYzIb3,5
DiHcrz35,IAk3ZMS9izVNwNy6,4
DiHcrz35,II0QKoAiQuQwjmcQ,4
DiHcrz35,Ic2u3941S5sAXLxv,1
DiHcrz35,ImbDiRlsGETURkOt,1
DiHcrz35,JC6dmrQDyHCQoOtU,5
DiHcrz35,JS59CCKxxOPZjx8H,5
DiHcrz35,JyhE5p8IXB6STjhD,2
DiHcrz35,LRGOgn3dagPYwY7S,2
DiHcrz35,MsFZIOW2NnL3RgGb,3
DiHcrz35,NN9QaCIVMOPIQd3p,2
DiHcrz35,NTXWNNLgexaL9wuO,2
DiHcrz35,NbQ1Uf4UVmZcpGXS,2
DiHcrz35,Pq38hkmNi0P9fSSW,5
DiHcrz35,PykM5IPkARLmJlRU,2
DiHcrz35,QRLpi3UO0LXKSwcq,3
DiHcrz35,QXTNYaXzA5MIG3pC,1
DiHcrz35,RboxniOZ90Kf2u3W,2
DiHcrz35,Rzx7wl8TXd37IGjN,5
DiHcrz35,S58Ox0iLPQGkwfoC,4
DiHcrz35,SBBZDINO5H2KOXl6,3
DiHcrz35,SOGbCqrtSXmk0sjU,4
DiHcrz35,SlQ4Xsa6MGnv0XK2,3
DiHcrz35,TJqsbFjDPBbOiW5t,1
DiHcrz35,UxAo1PGb2DoMnl4G,2
DiHcrz35,WVdfIbyUBN9WqW1H,5
DiHcrz35,X3C05TJPgqHRF45p,5
DiHcrz35,X9Nf17TKnmx5KuLD,3
DiHcrz35,XFgoLSNvmLCtkiQ5,1
DiHcrz35,XYek6wFEqZmWHyPv,3
DiHcrz35,XbM6UACXyGO2u0b7,3
DiHcrz35,ZimglAfDJ9DVGnsO,4
DiHcrz35,a4v6JiqP2JAgi6Zj,4
DiHcrz35,aP4SJhHOcVRSWTt5,2
DiHcrz35,b6T8zvHJm0omX1uC,5
DiHcrz35,bBtrn6QePv2kvKpm,1
DiHcrz35,bUMM5vrlBq0ypVgW,2
DiHcrz35,bjnpltxrAFnMpmo3,5
DiHcrz35,cF9RDCVcDMAfk9ST,5
DiHcrz35,cFMYe6grmlNWClQY,2
DiHcrz35,cP0KG6pE1NW7RNmT,2
DiHcrz35,ckwof9hj34JGwP7w,5
DiHcrz35,d9xnJkBOiw9Gpl5s,2
DiHcrz35,dc1us0US2kj4geI9,5
DiHcrz35,dsdybeacCyFiXAAT,4
DiHcrz35,eXhqCLDT0aLrKk5Z,5
DiHcrz35,fCGW5SWfvXaNVkgd,1
DiHcrz35,hPl5g614fTeZJlvQ,3
DiHcrz35,kIwnWqs4C7LRikCU,1
DiHcrz35,kVZBIWet79yAZxHr,2
DiHcrz35,keCWF4f7yCW6c2F1,2
DiHcrz35,khdLfBwMTFLerRCw,4
DiHcrz35,koXxcuL8VVpban3A,1
DiHcrz35,lUCUyljbQbwG136j,4
DiHcrz35,n5qA2WfgN6nlROGY,3
DiHcrz35,o5D445pGWetmwqai,3
DiHcrz35,oVx96vsDmLamfFO6,1
DiHcrz35,oh2Z0IfA5E78NW3P,4
DiHcrz35,pn6aKEpLENurG46D,4
DiHcrz35,q93G2KpVrtQ6Q5iZ,1
DiHcrz35,qAITGsIKtAo5WYxB,3
DiHcrz35,qhwuMr35yQkBeFGj,1
DiHcrz35,rtRcgKMormj9atKq,2
DiHcrz35,sFFbD3fA0Jsvs7Ic,5
DiHcrz35,soVMMowlUzrMb84H,1
DiHcrz35,tLGGnXjXCA0yG3ky,4
DiHcrz35,toxOul28w8OTkv5L,2
DiHcrz35,tqQ8uk39yLlOZ10L,5
DiHcrz35,tw7yJRG0uBbXHvNq,2
DiHcrz35,uJcIahOR13DBFLO8,3
DiHcrz35,uNG9lwxYq9ehe72u,5
DiHcrz35,w8chOOU5kuQvIoRy,2
DiHcrz35,w8crOpjyfpJMhO0Y,1
DiHcrz35,wLodkF09NtOsMuUl,3
DiHcrz35,wjVM79PTFkUYPumN,3
DiHcrz35,wuLDyQr4DF6eSWtQ,4
DiHcrz35,wxeK2DFYOtBumJzo,5
DiHcrz35,xNqC48ZwwC4xXhrV,2
DiHcrz35,xzySrmpjXkX9SI1a,4
DiHcrz35,yV6X2ilZ5uqFAoQF,4
DiHcrz35,yluEtk8ofCszXjGu,2
DiHcrz35,ypkBYl55VRCWa8wk,3
DiHcrz35,yrBlo2pXetZM89fm,3
DiHcrz35,zJJIBkd5bwzivFWS,2
DiHcrz35,zQwE4Sw7CPIvXJgA,1
DiHcrz35,zRdWlN6fsxiJakZa,1
DiHcrz35,zuAWraa4OXupLeeq,4
