user,item,rating
fr5X4VqD,1RyRaW1gm4M5wWGX,3
fr5X4VqD,1a4NLyD0n8eJnZqm,1
fr5X4VqD,1fg4sLgEFzAtOqCa,3
fr5X4VqD,1mZAQgMylaoot0TT,4
fr5X4VqD,22OiLzqkxeS31xvn,5
fr5X4VqD,2gHZQhTJAbMy2EWN,4
fr5X4VqD,3k7Wf4yv0RV6vi4K,3
fr5X4VqD,3v7e8cdPRy1Nu5jP,1
fr5X4VqD,5GATwERwOJn8FU52,1
fr5X4VqD,5QJvEzWm9NAfEPpy,5
fr5X4VqD,5XSrSdrXmP9aJoeD,3
fr5X4VqD,7pt0zSrmLYw6Q4rC,3
fr5X4VqD,9ZB6CInjWB2RZZNJ,4
fr5X4VqD,9gr31Fy7zZ63gfRM,2
fr5X4VqD,9uMJ6WW1N9TcjQ5o,1
fr5X4VqD,AIgJkLjAWFsjryh1,2
fr5X4VqD,Au994PMM3I970ihL,4
fr5X4VqD,BEBK23a7a5l0QYqC,1
fr5X4VqD,Bkbdm1lWGkxbsJZF,5
fr5X4VqD,CnnPs4OgqFLgVtPl,4
fr5X4VqD,Cwdj2lZUe75p7oge,5
fr5X4VqD,DJhOaguHwONef4LH,1
fr5X4VqD,DMZEQ5GtlrelMWHD,5
fr5X4VqD,EUpFNu0wllbCz4qn,3
fr5X4VqD,GzGPhPL7hTclBzHM,1
fr5X4VqD,HmgtChm3f2QYfEr5,3
fr5X4VqD,HzHVEMIHPIZc0Dno,3
fr5X4VqD,IhFvFos1K5cFafve,2
fr5X4VqD,IrD0RNWiEAjuWkKN,2
fr5X4VqD,JbxyZBbGcSu8EpGW,1
fr5X4VqD,JgvFNv9dabS79n2z,5
fr5X4VqD,K7e7RMsbmix80yFo,1
fr5X4VqD,KCSQyJ07qlJWGJJh,3
fr5X4VqD,KZMQa1ZRXi1StVHR,3
fr5X4VqD,KaUaU7Ox8Iz735GL,5
fr5X4VqD,KyygeEtov0Co9TOI,1
fr5X4VqD,LE8yWqIwppXP4L35,3
fr5X4VqD,LvXF1DB1UQbWkqY3,4
fr5X4VqD,MuG0oI1mKiQ5aFIC,2
fr5X4VqD,NgJW0tmrKfvrvYaq,1
fr5X4VqD,Oz4ilu1WyPQOnGsb,2
fr5X4VqD,P818vUtI4P1peyoz,5
fr5X4VqD,PnbUNaolAa7W13ft,4
fr5X4VqD,PoWmmitiO4AWwFmH,3
fr5X4VqD,Qic2wieRKvlLQ5H0,3
fr5X4VqD,R57XFJJE4WiNCOB5,2
fr5X4VqD,RXEcYx3PMZ7dpUfD,5
fr5X4VqD,RboxniOZ90Kf2u3W,2
fr5X4VqD,RrtEyXkdiLpzBedB,3
fr5X4VqD,S3UscvzowuLlSnb9,4
fr5X4VqD,SXAvzXYhmWyOzn0p,1
fr5X4VqD,StBA0LZN9G0w8udT,3
fr5X4VqD,TEpDMOanlpbSL0Ck,1
fr5X4VqD,TTWi6DFAVU0GrBtt,2
fr5X4VqD,TUTEQ0EBBpWWh1SJ,4
fr5X4VqD,UCsXN2yamombJfQb,2
fr5X4VqD,WGrBqr5tQVCKmIt4,3
fr5X4VqD,Wx4lM6DU2VOcKz8M,1
fr5X4VqD,X9Nf17TKnmx5KuLD,4
fr5X4VqD,a7R2mY5iSz91dh23,1
fr5X4VqD,azegJGK2YpBwJ1aZ,2
fr5X4VqD,bKi38oFHoYAZlRsf,5
fr5X4VqD,dOS0AJOJSOMCRixl,3
fr5X4VqD,dksgTnMuSBoONW9O,4
fr5X4VqD,dsdybeacCyFiXAAT,1
fr5X4VqD,enhlGDp4XsrAkhqo,4
fr5X4VqD,fm2HtjbYSGdcZ20q,3
fr5X4VqD,g0wAT0hrHUD5PXlp,1
fr5X4VqD,g14at8c8DJzuWBCm,1
fr5X4VqD,hAj78oLG4whUmZZo,1
fr5X4VqD,hmIMUzDW7KJkPANF,4
fr5X4VqD,iBAcThzbPSsjjmCp,1
fr5X4VqD,io4Y5RuQega8U33y,2
fr5X4VqD,j32gQZzDyYBurv2h,2
fr5X4VqD,kV1X1TeJnavuyXUt,1
fr5X4VqD,kV24Tomalevd3LKx,4
fr5X4VqD,lTU1V07yU6uNocQZ,1
fr5X4VqD,lpBDb7NdJPR8ghjQ,1
fr5X4VqD,m5mfVVwVljhtA0ac,5
fr5X4VqD,n2b5Az5t3GzfvroQ,1
fr5X4VqD,nMkPj7XAnTQTmyKK,5
fr5X4VqD,o6hwShjHiPDH5HWr,2
fr5X4VqD,oI1Z4JVznCMiv9sy,4
fr5X4VqD,p9Ho1rXku6oWqUUw,4
fr5X4VqD,pF1Fif486YUHDgNg,1
fr5X4VqD,q2DtkBFo7m9jru8P,5
fr5X4VqD,rG9JilOsx8YTgFPP,2
fr5X4VqD,rIWQ5DPSjSYJn3oa,4
fr5X4VqD,rjyLZ8fHNLNdFgNt,1
fr5X4VqD,s7mDEP6NmCjiem16,3
fr5X4VqD,sUAdEVH3OlAnOzp1,4
fr5X4VqD,sqkBrzxSrwFR3CRd,5
fr5X4VqD,uJcIahOR13DBFLO8,3
fr5X4VqD,uUnfyKkhE8VdNesg,4
fr5X4VqD,uuTpSlC8OBa7oK24,1
fr5X4VqD,vgLBMprblNQ7ucBB,5
fr5X4VqD,vjacxSbApMszSocs,5
fr5X4VqD,wpghbCtPr1Av6QIx,5
fr5X4VqD,xtCHdIdoECw7INac,3
fr5X4VqD,y6Z7FzQTp6S6mQ2W,1
fr5X4VqD,z1AaC2IPTgnlom67,1
fr5X4VqD,zEwkhcp2VpOtH9Tm,1
fr5X4VqD,zt6npYShE5YnPZLt,5
