user,item,rating
ZO0L7tIC,0NfXWFxho1OQIqQW,5
ZO0L7tIC,0bDQ4qUD8e9U4vg7,2
ZO0L7tIC,0ph5epZOqBpuOCrs,5
ZO0L7tIC,1YShgbRMm59drHw5,2
ZO0L7tIC,21xRQm4HWSKM5yKe,1
ZO0L7tIC,2wchZjd8rMM859nb,5
ZO0L7tIC,3mR8Pi5L8GPwtwX0,5
ZO0L7tIC,46227weCVdlV6DNH,3
ZO0L7tIC,5GATwERwOJn8FU52,1
ZO0L7tIC,5wfuSvFYUZl7u06R,2
ZO0L7tIC,68fARwIIEpqvbA4D,1
ZO0L7tIC,6Md68c2Ik0FqOT2B,3
ZO0L7tIC,6hZXt1hd7Oo65mzr,4
ZO0L7tIC,6qI9cBWT76jxm42G,1
ZO0L7tIC,7cm2yvl7msE6UNuS,3
ZO0L7tIC,7pZD29PGvcadslIL,4
ZO0L7tIC,8UEcHLVp6PuhDdUT,1
ZO0L7tIC,ACTLAHxICzezr3pZ,2
ZO0L7tIC,AbvLmOfaXjQzxWdy,3
ZO0L7tIC,Ajac9fbTuuQfW0mf,3
ZO0L7tIC,B4hWFclmfS1OP7KQ,5
ZO0L7tIC,Bnhw3CsBXwTOvlb3,2
ZO0L7tIC,ClynTy43aopHhiRG,3
ZO0L7tIC,DhKCbZYHlqM2T895,5
ZO0L7tIC,DwWIoolbRdfOWA0Q,4
ZO0L7tIC,ENh81oBZjyJFDBCu,5
ZO0L7tIC,EUpFNu0wllbCz4qn,4
ZO0L7tIC,En4FMh8gR922RlIx,4
ZO0L7tIC,F0yFBj7ccvcytXJI,2
ZO0L7tIC,FgTp7XSJjzw5EdhH,2
ZO0L7tIC,FwqhLTHT44QDH2xz,4
ZO0L7tIC,G61Gwa2WaxNW4EA9,5
ZO0L7tIC,GNAkipkyXZgX7EUU,5
ZO0L7tIC,GVO0QOGS3B9r8cg2,5
ZO0L7tIC,HOQM86CICfJRaEOM,2
ZO0L7tIC,HOi1BaBRE0EpGciE,2
ZO0L7tIC,HVIfHSpcFcl8wPak,2
ZO0L7tIC,ISRzM345rbL3UmZh,1
ZO0L7tIC,Jur7YFkrJh2W8SR5,4
ZO0L7tIC,KRCZve4rxUeSavO7,4
ZO0L7tIC,KZbC6AnR5Lfy95y1,4
ZO0L7tIC,KbaIXZv6VmTgrKUX,5
ZO0L7tIC,KylbyTbn6mLJK9Si,4
ZO0L7tIC,KzcsQOFKnlDXnzJJ,4
ZO0L7tIC,LCLKl48VoaReozhK,3
ZO0L7tIC,LoWKdg9TfrE6mPpf,3
ZO0L7tIC,LvXF1DB1UQbWkqY3,4
ZO0L7tIC,N5cEYvoFSvYKZaKk,2
ZO0L7tIC,NKPjHk7tEa4xOVPU,1
ZO0L7tIC,NOBytBvmEF477pVN,5
ZO0L7tIC,NeZNXvals0TSagn3,1
ZO0L7tIC,NtkjIOkNpisy1h9w,3
ZO0L7tIC,P4cueYcx6POHt6ki,2
ZO0L7tIC,QsIsMxsPfFF4EENh,5
ZO0L7tIC,RM6rnFxRbzd3PGnf,5
ZO0L7tIC,SBNTfG8AfNeDW6ZP,1
ZO0L7tIC,Sop1LT6bOM9j70KD,5
ZO0L7tIC,UoTUduZNk28BqgT0,1
ZO0L7tIC,VV9U3B0kpkWo5xpz,3
ZO0L7tIC,WIJ5o35JEcH7nKph,4
ZO0L7tIC,Wni6R8Xy7XQTQg3o,4
ZO0L7tIC,YejE64CzZlRpgurO,3
ZO0L7tIC,cP0KG6pE1NW7RNmT,1
ZO0L7tIC,cPZstDeqwpa1ZEkf,1
ZO0L7tIC,d4SaVkHRbQTTTJOk,3
ZO0L7tIC,d5mi7tVnmIYnZuIs,5
ZO0L7tIC,dXgwM2uOD0EzJ552,3
ZO0L7tIC,ddah8qpVeYPI3vmy,2
ZO0L7tIC,dsuoTMKbSotUq27u,5
ZO0L7tIC,dwRH60hM1zfcimix,1
ZO0L7tIC,eCefdryGnG2IConf,4
ZO0L7tIC,elM4ILjtBDTsAEee,1
ZO0L7tIC,fVQqDSK410aPU9ru,3
ZO0L7tIC,fdOhXrznNFh5if0t,4
ZO0L7tIC,foVXdkBTKxr4stHS,2
ZO0L7tIC,g43aRIhH7Zmqv3EB,5
ZO0L7tIC,gtxJsfdpWUyDhJ3L,1
ZO0L7tIC,gziCUvN60wG4owRy,3
ZO0L7tIC,hWphlSJTLHd62bCJ,5
ZO0L7tIC,l5j3Am7TdBHuJMDj,3
ZO0L7tIC,lgxnAEU8CgrlJquL,4
ZO0L7tIC,nHWaS06i50r09eqB,4
ZO0L7tIC,nO1uvTVm4pjtgHxQ,4
ZO0L7tIC,nchjaSl6zkDLwSVs,3
ZO0L7tIC,nyD6cLkbBcN6fhuw,3
ZO0L7tIC,o7pAoLwFUYJXyUkY,5
ZO0L7tIC,p0Vv7gBkKc7sS6SF,2
ZO0L7tIC,p9Ho1rXku6oWqUUw,1
ZO0L7tIC,qnUMDIgpCmxHkIN2,5
ZO0L7tIC,qsY4ykJGajqBdQtM,3
ZO0L7tIC,rF7BUoUlqvTi2PiT,1
ZO0L7tIC,rG9JilOsx8YTgFPP,2
ZO0L7tIC,rVChRCWj9nMn3lLV,2
ZO0L7tIC,tHIIerBiRyzSV2c3,4
ZO0L7tIC,uGM5NmO7Q6U6za7Y,4
ZO0L7tIC,vvAAusdvghR56n8Y,5
ZO0L7tIC,xIsWbeCZvl7lzyo6,3
ZO0L7tIC,xhXJiIYZIGK5TaaU,5
ZO0L7tIC,xmt2nBjSpA8j6Za3,2
ZO0L7tIC,ySHGYLNC7XtywfIZ,3
ZO0L7tIC,ye6oUKNMUDPGzVRM,3
ZO0L7tIC,yrG9vJkgNVOBieMh,1
ZO0L7tIC,zEhrhmNOsTS7TEuf,1
ZO0L7tIC,zJFJD8V1L9Cb7J8S,4
ZO0L7tIC,zK1pTHHT7PG4GS6I,1
ZO0L7tIC,zaQOAewPGm2QYzoR,4
ZO0L7tIC,zrCEujkDaeupZzyO,1
