user,item,rating
CCwvMkWq,0QLmKuPMqjGjzLjU,5
CCwvMkWq,0TXeAQf2PR5NHgiM,4
CCwvMkWq,0VOni4sUYYxNHlqX,2
CCwvMkWq,1TKqry8YHwbPn3GV,4
CCwvMkWq,1a4NLyD0n8eJnZqm,5
CCwvMkWq,27UiB3G256J1qiKk,4
CCwvMkWq,3Wo5lbdktkwoA8F4,5
CCwvMkWq,3uzxJmF98k6CdlLn,1
CCwvMkWq,3vS3EB2GEHgckArS,2
CCwvMkWq,46227weCVdlV6DNH,3
CCwvMkWq,4ykCTW2h8ILeOKPm,3
CCwvMkWq,5LWLJExmWd21gbec,3
CCwvMkWq,5tNiNntRFkhdOhBU,2
CCwvMkWq,6WKYWbffLLsgoPcv,2
CCwvMkWq,7F7hVv1ybkaDEl6p,3
CCwvMkWq,8EQrKJoR0QRaRHYA,4
CCwvMkWq,8dAUgouuiPtQ38gi,1
CCwvMkWq,9uecWP5KlLCPSc4U,3
CCwvMkWq,AXoLuJtBQIWJHfPO,4
CCwvMkWq,AcElivuiuGHheuK0,4
CCwvMkWq,BPGDz7AoUewgqAJ0,4
CCwvMkWq,CpIVlhAMEbeef27l,3
CCwvMkWq,DJhOaguHwONef4LH,1
CCwvMkWq,DbM6msZK7D5LJ25j,4
CCwvMkWq,DwWIoolbRdfOWA0Q,3
CCwvMkWq,EAkREOaI2aj27S42,1
CCwvMkWq,GGk8dYl00jR2VKMx,5
CCwvMkWq,HmgtChm3f2QYfEr5,1
CCwvMkWq,IrD0RNWiEAjuWkKN,3
CCwvMkWq,IyjJMLOxmlBKpTTC,1
CCwvMkWq,J5KKzK8wVAuG1o6a,2
CCwvMkWq,JS59CCKxxOPZjx8H,5
CCwvMkWq,KGv7WvE5AueugjCv,3
CCwvMkWq,KRgzuemKcQWiVoHR,1
CCwvMkWq,LH9uH7n4xkVrNvmN,4
CCwvMkWq,LhhBNTIeh93wXpuh,1
CCwvMkWq,MgvHz7kVsJlJWNmG,5
CCwvMkWq,N6qUrsutchyYqdFv,5
CCwvMkWq,NN9QaCIVMOPIQd3p,1
CCwvMkWq,NeZNXvals0TSagn3,1
CCwvMkWq,ORFSKCyL1iPMpBLY,4
CCwvMkWq,Oo4TUYkOEoS5Fr1K,3
CCwvMkWq,PFnapcDGchhmTuR0,5
CCwvMkWq,Pq38hkmNi0P9fSSW,1
CCwvMkWq,PxSHA2zk4zL5LRm9,2
CCwvMkWq,QIdNyus0jVTrWCcD,5
CCwvMkWq,RboxniOZ90Kf2u3W,3
CCwvMkWq,RqpUx3WHo8eRCvAr,3
CCwvMkWq,TGIOTEM8DA6pmVVi,2
CCwvMkWq,TYzjpDSp6aqJZoNL,1
CCwvMkWq,Tk7EyMU0eh8mHwy4,1
CCwvMkWq,TsBEMD7WdxRy4NiI,4
CCwvMkWq,Tw8CJaykJkKso2KZ,5
CCwvMkWq,U0Qoe5Fx4dQKs8MR,1
CCwvMkWq,VxqwS29AXdwcTurZ,2
CCwvMkWq,WbnLK9W0XPqBSOvG,1
CCwvMkWq,Why2FvPYmcONcIAt,1
CCwvMkWq,Wni6R8Xy7XQTQg3o,5
CCwvMkWq,WrEHd963QgfkBQZR,1
CCwvMkWq,X6KP0mJ4PN98YaeG,3
CCwvMkWq,XASdZMVB1Br4wL5j,1
CCwvMkWq,XGmGelJqBc9l12LH,1
CCwvMkWq,XWMSQcbXHmGKPqa8,1
CCwvMkWq,XYek6wFEqZmWHyPv,1
CCwvMkWq,Xp9Va0YadvYcMH0g,2
CCwvMkWq,Y36fXGeY3T8T7yuk,5
CCwvMkWq,YKPUfyhMY2XX7jzS,5
CCwvMkWq,YZnt8pN3WoniJcok,4
CCwvMkWq,bJIDxAULfQMjw1In,5
CCwvMkWq,cFMYe6grmlNWClQY,5
CCwvMkWq,d3JtRAnBSumtERqp,2
CCwvMkWq,d9xnJkBOiw9Gpl5s,3
CCwvMkWq,ddwWsILON2VKtHvN,2
CCwvMkWq,dnj9sEBBUI8ZXHqN,3
CCwvMkWq,eVOJ8Kwz8Rt4YvmH,2
CCwvMkWq,eb6VnFnOJYWfNPzH,2
CCwvMkWq,fIPobLfT3o9nw2o1,1
CCwvMkWq,fr7gYQCbLyGHtyCy,1
CCwvMkWq,h3VHmMM6XGVS7Fnq,1
CCwvMkWq,hPl5g614fTeZJlvQ,5
CCwvMkWq,hT5Do28Hb4fGOWNV,5
CCwvMkWq,hVfE4lDzGh5B0ec8,5
CCwvMkWq,hebjDkXbHkS0areJ,1
CCwvMkWq,hgTR1yQbVgN5c4HB,1
CCwvMkWq,hkYR4uUomRESkbfS,1
CCwvMkWq,iHl3UNzDKX1L55OF,1
CCwvMkWq,jjuf3Gpco39W8n9M,3
CCwvMkWq,kCzOQfE7bTyJJ6wT,5
CCwvMkWq,kleAytHOJ1iIff6O,1
CCwvMkWq,kuVAdTzPZT0FYrtY,5
CCwvMkWq,kzxJOQb23wd2c0a3,3
CCwvMkWq,ls9O4HsEM8e1VTT7,4
CCwvMkWq,m044Jx8NMOnr8H9S,4
CCwvMkWq,mCEqVtTTrkz8QReR,3
CCwvMkWq,oRO3xwQH7NZvigk2,5
CCwvMkWq,p3f6AtePojiy2wJI,1
CCwvMkWq,pAdPoyWWJyvjywiV,4
CCwvMkWq,srITXSMHklsQwo2f,4
CCwvMkWq,t9ZFC8lCATNXDNmV,5
CCwvMkWq,uPU8XKJD4wo3Twss,3
CCwvMkWq,uX9TxV9uDBKu16bm,3
CCwvMkWq,uiyGRIoGNXa4NjQD,3
CCwvMkWq,vxs33hsgKQBDhnNy,2
CCwvMkWq,w1xexPjPSZeR2Eee,1
CCwvMkWq,wwHuG5rt0KxGWgg5,4
CCwvMkWq,xor1ygt85yCWTF8q,2
CCwvMkWq,yO8XGg7a9UHbqatL,2
CCwvMkWq,ymDWVgepmg3tt0QF,2
CCwvMkWq,yrltwtIEX93JzLYx,3
CCwvMkWq,zf65krMhrldNnA6f,4
CCwvMkWq,zwV5AU1OnLAS9gQr,2
