user,item,rating
fgQ0aoNL,00e9Kq1Q7pnHf4uy,2
fgQ0aoNL,0wfZ8dkzSTDx6F4X,1
fgQ0aoNL,1PU68DAiOfYog1Zs,4
fgQ0aoNL,22OiLzqkxeS31xvn,5
fgQ0aoNL,23IWvaBTd3auhfDK,2
fgQ0aoNL,27UiB3G256J1qiKk,5
fgQ0aoNL,3I8klj1Dwoy1MB4H,2
fgQ0aoNL,3Jv90YqmCTy3A9Pm,2
fgQ0aoNL,40XpTEPp5VaaVT2Q,3
fgQ0aoNL,4zW0YjUCv8LxjIOY,5
fgQ0aoNL,5QJvEzWm9NAfEPpy,5
fgQ0aoNL,5rDeoTp311MKPgu4,2
fgQ0aoNL,6MsUdNDIrBdQXrh3,5
fgQ0aoNL,6bvosF9URUFrrTOF,1
fgQ0aoNL,6qhvfuOeYpccsT3Z,1
fgQ0aoNL,7Bco0B4GzOWDdNbu,4
fgQ0aoNL,7zvUP5tfTlGLjArc,2
fgQ0aoNL,8O7mo21l4UdOlkEI,5
fgQ0aoNL,8SCl4kmrK0XQRoGv,3
fgQ0aoNL,8ibtMp0CCYUTP4D7,5
fgQ0aoNL,8v2Yw9kIVqyQ0wy9,5
fgQ0aoNL,9gr31Fy7zZ63gfRM,5
fgQ0aoNL,AULxStFEDQpXjqnO,3
fgQ0aoNL,CoWy7e49nhUP2xWV,1
fgQ0aoNL,D22Nw75LIarq0u59,2
fgQ0aoNL,DtfRPEKJ8uV814Od,4
fgQ0aoNL,EAkREOaI2aj27S42,2
fgQ0aoNL,EmIQKui7tVY9bWqV,1
fgQ0aoNL,EpTLXzLS9iSD6EAz,2
fgQ0aoNL,G2j26bKDTNUT1LAB,4
fgQ0aoNL,G61Gwa2WaxNW4EA9,1
fgQ0aoNL,GEwfskjqGc9F2pBz,1
fgQ0aoNL,HiLXYf3TmvJY4GQc,5
fgQ0aoNL,IUlZ4eko9lIpr18n,3
fgQ0aoNL,IrD9g4cEyCb6KibI,2
fgQ0aoNL,Irps23svSITgGU6k,4
fgQ0aoNL,It9QIlu0djwYUCCu,3
fgQ0aoNL,Jfj9wgSsOwo0ljZ6,4
fgQ0aoNL,JyhE5p8IXB6STjhD,1
fgQ0aoNL,KOA8plo1HJXoKZns,3
fgQ0aoNL,KvPssPsXO7lPV4eN,5
fgQ0aoNL,MnmqzRezL3JG3adu,1
fgQ0aoNL,OFXdIKsqfJbRFKdw,5
fgQ0aoNL,OSBHBR1Zfjwa3Ru1,3
fgQ0aoNL,OcR8MD6LvoVb4JS6,1
fgQ0aoNL,OfyEEfvRT1wE11ng,4
fgQ0aoNL,Ognwvl1aY39foJe9,2
fgQ0aoNL,P4cueYcx6POHt6ki,2
fgQ0aoNL,PBpizeXqapXbkUcF,3
fgQ0aoNL,PCthcg8uiHR086zU,2
fgQ0aoNL,QN9gl4mM39Q8ZTB8,2
fgQ0aoNL,QcTA3Td2IAYXpr0O,5
fgQ0aoNL,RoV3fR8NtSGsaYp2,5
fgQ0aoNL,RqpUx3WHo8eRCvAr,3
fgQ0aoNL,SGPjap7SdR5MJrRq,4
fgQ0aoNL,Szzh0Ty6uxXuOa1b,3
fgQ0aoNL,TAnUhHvHiGALzqGX,4
fgQ0aoNL,TCusydXONdCS0d0E,3
fgQ0aoNL,TWzQzjFCRYJBiGfY,1
fgQ0aoNL,TZlRy1068Ce0Mktc,2
fgQ0aoNL,UQE7FN1M99ta0GPc,1
fgQ0aoNL,UZSC2MRA5XgVgaF6,3
fgQ0aoNL,UhIenjo8isevCKvA,2
fgQ0aoNL,UhsW1Y10zHwq8Euu,1
fgQ0aoNL,VSFkgMvfeh5R5cAj,2
fgQ0aoNL,WbnLK9W0XPqBSOvG,1
fgQ0aoNL,WgKL7M8srYcO8y3E,5
fgQ0aoNL,Wni6R8Xy7XQTQg3o,2
fgQ0aoNL,X6H2kTtRr5DNVccH,5
fgQ0aoNL,XKE9AZPmce1kbNas,1
fgQ0aoNL,Y5C8Rgqel23m3g9H,4
fgQ0aoNL,YjCGvhAGT6xUDVwV,3
fgQ0aoNL,Z8aFmq7bG26mqOCt,4
fgQ0aoNL,ZKobrOPbnryDwDeR,4
fgQ0aoNL,ZzJm2wRfuTVUEHvk,4
fgQ0aoNL,aKwDR9GvxF2072Jh,2
fgQ0aoNL,aW5NyqHJLK8ipozh,1
fgQ0aoNL,b8coNXXElLv6Y4Ci,4
fgQ0aoNL,ceVnLlvDGeya3gXs,3
fgQ0aoNL,ciPP52CRFHr9ZjDP,4
fgQ0aoNL,ddah8qpVeYPI3vmy,5
fgQ0aoNL,eDNSdkWx99TolFpt,2
fgQ0aoNL,eXhqCLDT0aLrKk5Z,5
fgQ0aoNL,eg38b2P9cAS6M0ny,1
fgQ0aoNL,g3ERztw8ZG16U4dF,3
fgQ0aoNL,gjGGDV02umdGAqlS,5
fgQ0aoNL,gl93KRPlMNs0Lbvr,2
fgQ0aoNL,ixG7ssQHLoIrI7pB,4
fgQ0aoNL,kem0hGvaGfzoig7A,2
fgQ0aoNL,l3Kv8iI9XWiwPKo7,4
fgQ0aoNL,liIRB4nHqY8WCbsY,4
fgQ0aoNL,lmKHhMNabgTMmQhu,4
fgQ0aoNL,lvrrZ0ZGakH4WY1m,2
fgQ0aoNL,m1bo4JwYiP8LOS9l,3
fgQ0aoNL,mOT1v2VX6RiObR9q,4
fgQ0aoNL,mXZPZ3UpEev9DcqJ,3
fgQ0aoNL,nO1uvTVm4pjtgHxQ,1
fgQ0aoNL,nvN8uKcYEV5YGgiE,5
fgQ0aoNL,o9s0OEJ3fO34TKof,1
fgQ0aoNL,oI1Z4JVznCMiv9sy,4
fgQ0aoNL,p0Vv7gBkKc7sS6SF,2
fgQ0aoNL,pSEkNzSlSXWBSqIJ,4
fgQ0aoNL,pn6aKEpLENurG46D,5
fgQ0aoNL,puKmlZOSdNKRkHBI,1
fgQ0aoNL,qXKdD8VWPUlzn9XK,5
fgQ0aoNL,qhwuMr35yQkBeFGj,2
fgQ0aoNL,rr5ClEMTJHCtQrlh,3
fgQ0aoNL,s7mDEP6NmCjiem16,1
fgQ0aoNL,sUAdEVH3OlAnOzp1,5
fgQ0aoNL,w9tjQRYchQXdMHfx,2
fgQ0aoNL,wcNlWZaJYd3PxxGa,4
fgQ0aoNL,x5IKWTpohWgYkzHI,3
fgQ0aoNL,ydif7F75LuEqCout,1
fgQ0aoNL,zJnhU7eWQbktqIrm,1
fgQ0aoNL,zQwE4Sw7CPIvXJgA,5
fgQ0aoNL,zaQOAewPGm2QYzoR,2
fgQ0aoNL,zt6npYShE5YnPZLt,2
