user,item,rating
pH7epkdT,0bDQ4qUD8e9U4vg7,1
pH7epkdT,1RyRaW1gm4M5wWGX,3
pH7epkdT,2s28qMo2RtY7k1MA,2
pH7epkdT,4FJRwRCfGjYoUwhv,4
pH7epkdT,4icPV3jTXm3tGREj,3
pH7epkdT,4zW0YjUCv8LxjIOY,1
pH7epkdT,8EprjMPQTEfZgbYw,3
pH7epkdT,8FVToFZYNNHgTSji,1
pH7epkdT,8O7mo21l4UdOlkEI,1
pH7epkdT,93Gqi0kMX4lrrAou,3
pH7epkdT,AULxStFEDQpXjqnO,5
pH7epkdT,B4hWFclmfS1OP7KQ,5
pH7epkdT,Boifc2qr6qZ3gI2b,5
pH7epkdT,ClynTy43aopHhiRG,3
pH7epkdT,DfElbQIsjCbdPDoT,3
pH7epkdT,EpbYea8C1s9kyFTi,5
pH7epkdT,FuqyJe41jd40QRc0,5
pH7epkdT,GEDWGzR5cdb9Kr6S,1
pH7epkdT,GGk8dYl00jR2VKMx,4
pH7epkdT,GjFK8qTiOtb6MfJe,5
pH7epkdT,GjKMgJQy5KPuyB3l,5
pH7epkdT,H6OvCWzycBoWbZXs,2
pH7epkdT,HY0TRP81KWi3P5wY,3
pH7epkdT,HydzYcpEAyRZcJCX,2
pH7epkdT,LPZTx5E0p7JNxnkH,5
pH7epkdT,MAetGS3VfMbTAat5,1
pH7epkdT,MZ4v9aMC6HWSpOyA,2
pH7epkdT,MgvHz7kVsJlJWNmG,2
pH7epkdT,NXwZLF4v07MkM1tX,5
pH7epkdT,NmJG1q6SevdC7mYo,3
pH7epkdT,NsGmu4Y5ko1G2QMT,2
pH7epkdT,NtJ0Z0QShxcyCR8A,5
pH7epkdT,OL3Bv6sPOeGyZaw8,3
pH7epkdT,Oz4ilu1WyPQOnGsb,2
pH7epkdT,PBpizeXqapXbkUcF,2
pH7epkdT,PJMyeEftB3oy6PNF,3
pH7epkdT,Pq38hkmNi0P9fSSW,3
pH7epkdT,QcPxgstVVzAe1Fy5,1
pH7epkdT,QiLJqv5Na3XvVDi4,4
pH7epkdT,RC8YyffnNio6wmNy,5
pH7epkdT,RboxniOZ90Kf2u3W,2
pH7epkdT,SOsIS7Qx85Pxtufn,3
pH7epkdT,Sop1LT6bOM9j70KD,2
pH7epkdT,SyNFLOF3wVNH7fR6,5
pH7epkdT,Tw8CJaykJkKso2KZ,3
pH7epkdT,U6EVFwBym0FrCx42,5
pH7epkdT,VEenaN0etpPyndCf,1
pH7epkdT,WiP0XKV3J7XwJHRT,5
pH7epkdT,WrdiPmkdlxdTeLov,2
pH7epkdT,XQ8cFjSQwnw4twWS,3
pH7epkdT,XjyippoaOAGK8I1e,2
pH7epkdT,Y9ZK37SsEFAp7STl,4
pH7epkdT,Yg43ebOR7HkRQOiJ,3
pH7epkdT,ZXM1GSUJ74V7u8bx,3
pH7epkdT,aBEWGkdCo9NEUpRJ,4
pH7epkdT,c7SFkqvNcJClnudI,4
pH7epkdT,cPTvsFsGfYI5RdYh,5
pH7epkdT,cVwli3d6mvDghReR,2
pH7epkdT,cfwgFEaWvfvmKoOE,1
pH7epkdT,dcZ8cLFjmEmyaHTN,5
pH7epkdT,dsdybeacCyFiXAAT,2
pH7epkdT,eBLRgDKaJhYEQ0e5,4
pH7epkdT,eDNm4EucAfouHW9T,4
pH7epkdT,et2pIujXaJK4W73p,4
pH7epkdT,ewUHDI7HGmPogCHJ,2
pH7epkdT,fVQqDSK410aPU9ru,4
pH7epkdT,h6tSb791MdX5Zn9o,2
pH7epkdT,h7pq853hdSC0tU0N,5
pH7epkdT,hi40wFEEJshQgboH,2
pH7epkdT,i261ajEqUnUlZk9U,4
pH7epkdT,ipXwS9b9KYvwLpkb,5
pH7epkdT,jdVDAwC9LkVgSBwP,3
pH7epkdT,kXtmJg8AWT68mJ4w,5
pH7epkdT,khdLfBwMTFLerRCw,1
pH7epkdT,lGDkBFzTbr7NNN3n,3
pH7epkdT,lIfw0SkOSXvh3dkj,1
pH7epkdT,lgRVGGfnWn02qUse,4
pH7epkdT,n4mv0XIqF11WWiEl,5
pH7epkdT,ncjNyVTitJLQ5wPT,1
pH7epkdT,nnZIObuoy5ZXQdkI,4
pH7epkdT,nv8ZKMd8RHrZl2jH,2
pH7epkdT,oI1Z4JVznCMiv9sy,1
pH7epkdT,of1p3xpFNtrCce4D,2
pH7epkdT,ohc5WXDyGNTfrlUu,3
pH7epkdT,q1gNq9bYQ6sP6x2r,4
pH7epkdT,q7xyQa29bm3tkJy8,4
pH7epkdT,sHato2dyUR5jtPv3,3
pH7epkdT,sMrgrFelhlPYE7oq,5
pH7epkdT,snGkQBS91oW8J8aK,5
pH7epkdT,sqkBrzxSrwFR3CRd,3
pH7epkdT,tHmYPWE0EUznpfX2,1
pH7epkdT,tMwBzXJQ6s7I3l73,3
pH7epkdT,tSZPZAGINbYbe3lM,5
pH7epkdT,tjtCAzDZFRUpxasW,4
pH7epkdT,u2mNmc4Pt6LhiSt1,5
pH7epkdT,uNp5n9ziPoSjwab6,1
pH7epkdT,vGmNgEZoeVwc5nYh,1
pH7epkdT,vP4P4KU3ayYFkQY4,3
pH7epkdT,vSub90z4NJV6rUZb,3
pH7epkdT,vhc3JkLPffEc5XfH,1
pH7epkdT,x5IKWTpohWgYkzHI,2
pH7epkdT,xhXJiIYZIGK5TaaU,3
pH7epkdT,xqCBdF6LQiMjIL7q,3
pH7epkdT,yIH6w2gzfw28cQHP,5
pH7epkdT,ypJCM39tzfpxsVgB,4
pH7epkdT,ypstfxIpWXisrPEi,1
pH7epkdT,zEhrhmNOsTS7TEuf,5
pH7epkdT,zGw83mtw14WwT6IV,2
pH7epkdT,zOR8XykGkdH8MLxX,4
