user,item,rating
T97iGAJt,0JFCjVx2P1RMzy3h,3
T97iGAJt,175cEAum4D15hZNS,1
T97iGAJt,179JydwNW4p8fz0K,1
T97iGAJt,1jOHmmQ0bTPp6Z2s,4
T97iGAJt,1yDUe7fCQl5x3xLU,1
T97iGAJt,22OiLzqkxeS31xvn,5
T97iGAJt,2NqIBXSAK82Qj8A8,4
T97iGAJt,2TbTz7r4Yz0gpFS5,5
T97iGAJt,2V703JzVkZVPYW85,4
T97iGAJt,3KiKHyR0E95BIoAC,2
T97iGAJt,42QqtbZXWpOC7Nne,3
T97iGAJt,4FJRwRCfGjYoUwhv,5
T97iGAJt,4eTE85omh9GZkYRN,4
T97iGAJt,6dXLifXK5LrvtdV1,3
T97iGAJt,6oeCVzmk8K7zRq8N,4
T97iGAJt,6qI9cBWT76jxm42G,5
T97iGAJt,8SCl4kmrK0XQRoGv,4
T97iGAJt,ABhHHYLgP8EMb0b3,3
T97iGAJt,AXoLuJtBQIWJHfPO,2
T97iGAJt,Ag4vwfyLZvEPGMoD,1
T97iGAJt,CpIVlhAMEbeef27l,2
T97iGAJt,DGsBS6Lsw4m4RzM9,1
T97iGAJt,DhKCbZYHlqM2T895,2
T97iGAJt,DtfRPEKJ8uV814Od,1
T97iGAJt,DwWIoolbRdfOWA0Q,4
T97iGAJt,EgcyERTR8EQbm1iC,1
T97iGAJt,En4FMh8gR922RlIx,3
T97iGAJt,F8ZYFFpPowJjmGNF,3
T97iGAJt,FpIoXZejoidPdDQw,5
T97iGAJt,FqQYF7mzwqe45V5G,3
T97iGAJt,GF2jifks0NcnquPW,3
T97iGAJt,GUGKCwkbIhs0LcS2,5
T97iGAJt,GcgyQHLpN36dl9Tr,3
T97iGAJt,Gk69ZGXuCca8f6uR,2
T97iGAJt,Gm9lQH0rPKlImBfl,3
T97iGAJt,HGTdytOmBHVLQZEM,5
T97iGAJt,HOi1BaBRE0EpGciE,5
T97iGAJt,I6L5ALHg5AAnI97e,2
T97iGAJt,Jjb7D3KbKGG0IS8g,3
T97iGAJt,KHMPuRwDVny8IzpW,3
T97iGAJt,KOA8plo1HJXoKZns,5
T97iGAJt,KkSTF1hVVJTmOYNF,2
T97iGAJt,LRGOgn3dagPYwY7S,5
T97iGAJt,Ly3wsQf4njxO0vsv,3
T97iGAJt,MzUejuWST6dbegMG,1
T97iGAJt,NXOBoXtbDyOc8JZ7,3
T97iGAJt,Nzatx3dBpoleG9Q6,5
T97iGAJt,PBpizeXqapXbkUcF,1
T97iGAJt,PVb00chT1ZrtbSjH,3
T97iGAJt,PvmfG4AQvJWylZ8H,1
T97iGAJt,PxPqu3uzuXtUgLVS,1
T97iGAJt,RcdZzdp0UAf9hyTw,1
T97iGAJt,Rx5WxhOXYgcPuxPp,1
T97iGAJt,Szzh0Ty6uxXuOa1b,3
T97iGAJt,TUTEQ0EBBpWWh1SJ,4
T97iGAJt,UdFwtvKXDYXMxnUU,5
T97iGAJt,VBhS7YcjPUErypcf,1
T97iGAJt,VZORTloZc16I6JcS,5
T97iGAJt,Vo8bKCgDCDv7LCRo,4
T97iGAJt,WveeIxtlzs40j1fj,2
T97iGAJt,XGmGelJqBc9l12LH,1
T97iGAJt,YT9ttxyMOrV6HPje,2
T97iGAJt,ZGAFpgdLauP3Ue1E,2
T97iGAJt,ZKobrOPbnryDwDeR,5
T97iGAJt,ZOG1orxUksem4YcS,3
T97iGAJt,Zk56ACR2LmEIdZYr,5
T97iGAJt,avnngf9Jhr8SjRNw,3
T97iGAJt,bDaxCXO32PNTvLX9,2
T97iGAJt,buc78V5g87WGHuuu,5
T97iGAJt,cBQPhHhQ4HsOcIy1,5
T97iGAJt,cHGQoOHQVyBnmsFc,4
T97iGAJt,cU6X6xhBdWSgW9VI,4
T97iGAJt,cgCTUffEh3f21TGK,5
T97iGAJt,ddah8qpVeYPI3vmy,2
T97iGAJt,de87coG0rdxYUVtu,2
T97iGAJt,eIKwYmuffouV7bqD,4
T97iGAJt,eg38b2P9cAS6M0ny,4
T97iGAJt,fduwJWS6b8pKrPly,4
T97iGAJt,h6tSb791MdX5Zn9o,3
T97iGAJt,hmIMUzDW7KJkPANF,2
T97iGAJt,jnfiOrNwIba7KmfR,2
T97iGAJt,kgGldR5Wx8CCcLUS,2
T97iGAJt,khdLfBwMTFLerRCw,3
T97iGAJt,l2IlQXdd6kL3WZn5,1
T97iGAJt,leqz2LOOPAiI8isE,3
T97iGAJt,nnZIObuoy5ZXQdkI,1
T97iGAJt,oK5HLgxqWXC7n4QQ,3
T97iGAJt,oVx96vsDmLamfFO6,4
T97iGAJt,p3LV9a0JY1pdXzoi,1
T97iGAJt,pByamhjvtkWRRAWQ,2
T97iGAJt,qsY4ykJGajqBdQtM,4
T97iGAJt,rUtT8W9vmj7VdbJQ,5
T97iGAJt,rVChRCWj9nMn3lLV,5
T97iGAJt,rjyLZ8fHNLNdFgNt,3
T97iGAJt,sGIMddw48AlGgwo9,2
T97iGAJt,si8LUSXDm5Br6QVi,5
T97iGAJt,tgwa0nx69eLC7qM4,4
T97iGAJt,uMuGlLCuV6RLHEQB,4
T97iGAJt,vC3yPwwDJ5hlwFMC,5
T97iGAJt,vS3UOTT5ML2hdkaS,3
T97iGAJt,vjacxSbApMszSocs,1
T97iGAJt,vrCSjIpEjMLnyLdf,1
T97iGAJt,wR9fyWCyxI8shW9H,4
T97iGAJt,wcNlWZaJYd3PxxGa,5
T97iGAJt,wjVM79PTFkUYPumN,4
T97iGAJt,woalk9qRFu3Kgixy,1
T97iGAJt,wzIHMoLau44Ewf8O,4
T97iGAJt,y6Z7FzQTp6S6mQ2W,1
T97iGAJt,yBHwnmeXqdmA15Yd,3
T97iGAJt,yQpAuVaqcdXxb9IN,3
T97iGAJt,ypkBYl55VRCWa8wk,5
T97iGAJt,zSa8GzrxWmUpFlWK,2
