user,item,rating
tC6aphS9,0FWC6r9jKkERmiT4,1
tC6aphS9,0S2OSQDrvzr30axt,2
tC6aphS9,0czl9ZEa2VRgID6u,2
tC6aphS9,19ncR3YXsEh6ecWR,1
tC6aphS9,1mZAQgMylaoot0TT,4
tC6aphS9,27UiB3G256J1qiKk,5
tC6aphS9,2BCoxWutXheDqGRX,2
tC6aphS9,2T0emU5lTeqVcxWW,4
tC6aphS9,3Jv90YqmCTy3A9Pm,3
tC6aphS9,3k7Wf4yv0RV6vi4K,5
tC6aphS9,46227weCVdlV6DNH,3
tC6aphS9,5FuYbRJPSjEp3vjm,5
tC6aphS9,6tUs31Vwnw22MakT,3
tC6aphS9,7uonzS02OhL70VqJ,4
tC6aphS9,8avlBxNXRn3ltePF,2
tC6aphS9,8dAUgouuiPtQ38gi,4
tC6aphS9,8ibtMp0CCYUTP4D7,5
tC6aphS9,9BlkSzvSWQinuW3R,4
tC6aphS9,9mVB6vlJvNK3YXyu,5
tC6aphS9,Ag4vwfyLZvEPGMoD,5
tC6aphS9,An7If6q94XAki6RD,3
tC6aphS9,Au994PMM3I970ihL,4
tC6aphS9,B4hWFclmfS1OP7KQ,5
tC6aphS9,BSOSLiBSHTHZsm0U,4
tC6aphS9,COBV5pQ2EcC0TF1i,2
tC6aphS9,ClynTy43aopHhiRG,2
tC6aphS9,DKpYb3mv0KQCMra8,2
tC6aphS9,DLImItJgiztdp5fm,3
tC6aphS9,DR2k7lQQBPcPEk3y,4
tC6aphS9,DXBBZ3ayJRkuXxqd,1
tC6aphS9,EjQqFIxI5VcOshgd,5
tC6aphS9,FHH9RA9TNF3ohll4,4
tC6aphS9,Fd4E7zTeWKSHUSGf,4
tC6aphS9,Fl5UMTsLFNpCyBEG,1
tC6aphS9,GC9xbMk2c5VQOmny,5
tC6aphS9,GODTfXTpPwoXMm7Y,1
tC6aphS9,Ggl7BLziaqY7EN0j,5
tC6aphS9,Jfj9wgSsOwo0ljZ6,1
tC6aphS9,KvPssPsXO7lPV4eN,4
tC6aphS9,LElsYB4o5losWXPg,3
tC6aphS9,LPZTx5E0p7JNxnkH,3
tC6aphS9,LTmer5Kb7yWJALap,4
tC6aphS9,LqIY6z1Klw0ps60X,3
tC6aphS9,NCrmZQR3zTfu2vdl,5
tC6aphS9,O8Sp1VAbs0DOYeNl,2
tC6aphS9,OUm4CmSxb3MhPTOJ,4
tC6aphS9,PnbUNaolAa7W13ft,1
tC6aphS9,Q6OJ4NZiHiM9c157,3
tC6aphS9,QP6iI8oiuz1JX0bC,5
tC6aphS9,QSjtdLhhEK2WiKY0,1
tC6aphS9,QetmenshIb4Ce3AQ,2
tC6aphS9,Qic2wieRKvlLQ5H0,1
tC6aphS9,Rkb89a6wGKEtCw7t,5
tC6aphS9,RoHUsyJsKWAidmoN,2
tC6aphS9,S1JafWEFLL04uiR3,1
tC6aphS9,S58Ox0iLPQGkwfoC,1
tC6aphS9,SXAvzXYhmWyOzn0p,2
tC6aphS9,Sj0I7W6bnIwyl65h,5
tC6aphS9,TTWi6DFAVU0GrBtt,1
tC6aphS9,TrfFP96gtqMBXOBE,2
tC6aphS9,UePeejDIbc24wgqR,1
tC6aphS9,V8rNl90wxelAbFZw,1
tC6aphS9,VfjgdUSeMrC9HyWZ,2
tC6aphS9,VlA1rFDAPJEI5oJm,2
tC6aphS9,W8G577oW9Zir0Yrh,4
tC6aphS9,WJ2O1I95Wyl5uM1C,1
tC6aphS9,WveeIxtlzs40j1fj,2
tC6aphS9,Y72j38eXBzXz7jIi,1
tC6aphS9,Yg7YJfiybFHndiad,2
tC6aphS9,Yw6jdBEyRV4yzXKg,4
tC6aphS9,ZKobrOPbnryDwDeR,1
tC6aphS9,ZimglAfDJ9DVGnsO,5
tC6aphS9,Zk56ACR2LmEIdZYr,3
tC6aphS9,aIuCZsEpHnvxymIS,2
tC6aphS9,agwyvloIY2TUlY0z,1
tC6aphS9,bBtrn6QePv2kvKpm,2
tC6aphS9,bNnalzoZtLOGnxj8,1
tC6aphS9,brQn3OEH2Zvbn28x,1
tC6aphS9,cc19QUyHYxtK1JGO,4
tC6aphS9,dGrAJqbnMqCBTEHf,3
tC6aphS9,diUrn2X4kefe6boa,4
tC6aphS9,eCefdryGnG2IConf,4
tC6aphS9,eDNSdkWx99TolFpt,1
tC6aphS9,eS3yzZYKEziqb8Op,2
tC6aphS9,elM4ILjtBDTsAEee,3
tC6aphS9,fduwJWS6b8pKrPly,3
tC6aphS9,foVXdkBTKxr4stHS,2
tC6aphS9,fs1ZjMT622zZzuDa,5
tC6aphS9,gjGGDV02umdGAqlS,5
tC6aphS9,h7pq853hdSC0tU0N,5
tC6aphS9,igjzSX9sBrtFXsoK,2
tC6aphS9,jdVDAwC9LkVgSBwP,2
tC6aphS9,kIwnWqs4C7LRikCU,5
tC6aphS9,l0hYeuIPB1kBamhq,2
tC6aphS9,lPTA0XL0otnrtK0A,1
tC6aphS9,mDwYwdnK83jFIluS,4
tC6aphS9,mOT1v2VX6RiObR9q,2
tC6aphS9,me0w16pBRwYgFQJt,5
tC6aphS9,mpHdrxGNCzKYAS6A,2
tC6aphS9,o5D445pGWetmwqai,5
tC6aphS9,pRyQP7nSEoopqbBG,3
tC6aphS9,q0QUp5qlZ9JTIB2L,5
tC6aphS9,q6AnuXiw36i5yxQG,1
tC6aphS9,q7xyQa29bm3tkJy8,1
tC6aphS9,q93G2KpVrtQ6Q5iZ,2
tC6aphS9,qHxRTWsJgqc64tHO,4
tC6aphS9,qMvOTJLvCzPatwYM,3
tC6aphS9,rIWQ5DPSjSYJn3oa,3
tC6aphS9,sNAJTvLoYx2AKwXo,3
tC6aphS9,tbpyVnc3xo0nCvhg,5
tC6aphS9,tgtmmbFh07icDNyu,2
tC6aphS9,uMuGlLCuV6RLHEQB,1
tC6aphS9,uWM8YTmiKEH3cX41,4
tC6aphS9,xIQnCi2SDbgjnIQs,2
tC6aphS9,xIsWbeCZvl7lzyo6,1
tC6aphS9,xyL7iiqhxF0uaCxF,2
tC6aphS9,zYNBh92jnL4vjZfg,3
tC6aphS9,zxNShskTD0eMfxKu,5
