user,item,rating
e5A8X7Xn,0OiVOga2oyRNivzs,4
e5A8X7Xn,0VOni4sUYYxNHlqX,5
e5A8X7Xn,1ASNzXdpHs8oZqIW,3
e5A8X7Xn,1Q9EfpHF3qXbP6QT,1
e5A8X7Xn,1UMCWBX4OgWPGXUS,2
e5A8X7Xn,1jM5Xg4ldMqNoTrg,1
e5A8X7Xn,2EOuzH0cG8vKJnWm,4
e5A8X7Xn,2vgyajdOgSNsNinI,1
e5A8X7Xn,2yVaGfxifFo5dapk,4
e5A8X7Xn,40XpTEPp5VaaVT2Q,1
e5A8X7Xn,4UpwP9PI4WRbGpYR,3
e5A8X7Xn,5FuYbRJPSjEp3vjm,5
e5A8X7Xn,5mxqTh18jmrwCjkT,2
e5A8X7Xn,6ANH3aOTpBdMNf4Z,5
e5A8X7Xn,6X9p87EtBuodfrkG,4
e5A8X7Xn,7u83chqGb5up73n8,4
e5A8X7Xn,8EprjMPQTEfZgbYw,3
e5A8X7Xn,8dAUgouuiPtQ38gi,1
e5A8X7Xn,8ziLUOqmJsMv2qrN,1
e5A8X7Xn,94RCy5LSl73V9acJ,2
e5A8X7Xn,AY30fGK9TfOcCGS8,4
e5A8X7Xn,BQCrg2Ug50yUskZd,5
e5A8X7Xn,Bkbdm1lWGkxbsJZF,1
e5A8X7Xn,CvFDfEHqzEno0pYB,2
e5A8X7Xn,DCGfbfx5Ws2EsZk3,4
e5A8X7Xn,EgtveATqtcCa4GJP,4
e5A8X7Xn,FqQYF7mzwqe45V5G,2
e5A8X7Xn,HydzYcpEAyRZcJCX,4
e5A8X7Xn,HzYI3jsEsDRRLaDp,4
e5A8X7Xn,I6L5ALHg5AAnI97e,4
e5A8X7Xn,IvDjrsVEmiV8jGMo,4
e5A8X7Xn,J5zaw5zK3SDsHj7a,4
e5A8X7Xn,K5MCZihT03cz1DWY,1
e5A8X7Xn,KGv7WvE5AueugjCv,4
e5A8X7Xn,KJljZ6O8xTqY4sDm,3
e5A8X7Xn,N5cEYvoFSvYKZaKk,2
e5A8X7Xn,NDYyoMJ8zxYE4TrX,2
e5A8X7Xn,NTXWNNLgexaL9wuO,5
e5A8X7Xn,NtkjIOkNpisy1h9w,5
e5A8X7Xn,OipSSjes647F23T5,3
e5A8X7Xn,PKn46PwMdgY2IszZ,3
e5A8X7Xn,PoWmmitiO4AWwFmH,4
e5A8X7Xn,PykM5IPkARLmJlRU,3
e5A8X7Xn,QPNFUvUrOGF1wgBk,1
e5A8X7Xn,QmeNsBnMto1tPHur,1
e5A8X7Xn,SbBX2tPm3lUtPsr6,3
e5A8X7Xn,TaJCoPEL1mLpJ7HP,5
e5A8X7Xn,Tiu13Dl2ObIPao1I,5
e5A8X7Xn,UOS0OSjtkR52b3YB,1
e5A8X7Xn,UuusWfz90BCGmwam,2
e5A8X7Xn,ViX8pHpYsSbxftqw,5
e5A8X7Xn,VjEYeCBGTJ563T8q,5
e5A8X7Xn,VkIoqrOcGlPmWtUZ,5
e5A8X7Xn,VqQ6Q5viXQ67wDjp,1
e5A8X7Xn,Wf2mx1jTosaGSwmN,1
e5A8X7Xn,WrEHd963QgfkBQZR,2
e5A8X7Xn,XKE9AZPmce1kbNas,1
e5A8X7Xn,XQ8cFjSQwnw4twWS,3
e5A8X7Xn,Xp9Va0YadvYcMH0g,2
e5A8X7Xn,Y5C8Rgqel23m3g9H,1
e5A8X7Xn,Y9ZK37SsEFAp7STl,3
e5A8X7Xn,YZDkpVqr6gm2KRte,2
e5A8X7Xn,ZZJMKryA46ZsK8ex,4
e5A8X7Xn,ZkJXyLwxCng5djty,2
e5A8X7Xn,aEzeufPVFCaRfSN8,1
e5A8X7Xn,aW5NyqHJLK8ipozh,4
e5A8X7Xn,aoblyJL4biDGsBa2,1
e5A8X7Xn,bbq7pQL4rD0sWvUb,3
e5A8X7Xn,cNjRsLLrsVosjhcH,2
e5A8X7Xn,cfwgFEaWvfvmKoOE,1
e5A8X7Xn,dJW78nzpFlDiGudt,3
e5A8X7Xn,djfLlYWZGfEm8P6g,5
e5A8X7Xn,elM4ILjtBDTsAEee,4
e5A8X7Xn,ezs5dDMM7Dh6dgr3,4
e5A8X7Xn,fINMqon9ENFNHiux,4
e5A8X7Xn,fs1ZjMT622zZzuDa,2
e5A8X7Xn,gnjCP3unDH2tgwFz,4
e5A8X7Xn,hgTR1yQbVgN5c4HB,5
e5A8X7Xn,lIfw0SkOSXvh3dkj,1
e5A8X7Xn,lvrrZ0ZGakH4WY1m,1
e5A8X7Xn,mIzCiIBWMwu89WZj,3
e5A8X7Xn,mOzVT2rko9LKSRSa,2
e5A8X7Xn,mSTxhno9Ih1jT0ze,5
e5A8X7Xn,ntMGfmzeh1FLMOzB,1
e5A8X7Xn,o6hwShjHiPDH5HWr,2
e5A8X7Xn,oBO9tevqXQ5WRDMk,1
e5A8X7Xn,oN08M9vGpcdewm2g,4
e5A8X7Xn,oU6T9MA9bRBSUE4s,5
e5A8X7Xn,p9Ho1rXku6oWqUUw,3
e5A8X7Xn,pAdPoyWWJyvjywiV,3
e5A8X7Xn,pdohjzgHSClFMROg,3
e5A8X7Xn,qBjVRPoxfitt4xNE,1
e5A8X7Xn,qMvOTJLvCzPatwYM,5
e5A8X7Xn,rjEaOzvGJKdXgCUY,2
e5A8X7Xn,ryWxJQ3zU5518Ev0,4
e5A8X7Xn,s0BK98ufdRwvDpMR,5
e5A8X7Xn,sNAJTvLoYx2AKwXo,4
e5A8X7Xn,t1acaDLcy0mMlOJ1,5
e5A8X7Xn,t9zBR49c0SY3AxYV,1
e5A8X7Xn,tdfnPuBA3A6BgQZ6,5
e5A8X7Xn,tw7yJRG0uBbXHvNq,3
e5A8X7Xn,u6QvATWZ8X3ZDuED,5
e5A8X7Xn,w1xexPjPSZeR2Eee,2
e5A8X7Xn,wGbowYkFWcPfA1Gq,5
e5A8X7Xn,wZmR3WF1O9yfQNsx,1
e5A8X7Xn,wpghbCtPr1Av6QIx,4
e5A8X7Xn,yO8XGg7a9UHbqatL,2
e5A8X7Xn,yeaXMQRSaG2j75Mp,2
e5A8X7Xn,zBTFGUY2YJQumUT6,4
