user,item,rating
sYRCNgPc,05NU3NZwRbfRhgTS,1
sYRCNgPc,0s3GozN7i7IiIQn4,1
sYRCNgPc,1wgOPPLAahwYFpWT,4
sYRCNgPc,2NqIBXSAK82Qj8A8,5
sYRCNgPc,2TbTz7r4Yz0gpFS5,3
sYRCNgPc,3HdLSUT1L2plIOtg,4
sYRCNgPc,3HwhBGMOOmmvGj6H,4
sYRCNgPc,3I8klj1Dwoy1MB4H,1
sYRCNgPc,4FJRwRCfGjYoUwhv,5
sYRCNgPc,5VYsLR9X3r4cGxHp,5
sYRCNgPc,5mxqTh18jmrwCjkT,5
sYRCNgPc,5vKvCoGFRTbLfahH,2
sYRCNgPc,69uXGUvaM9nbRErr,4
sYRCNgPc,6ee9eav5taMmijJk,3
sYRCNgPc,6x3yFtoral2nFeB9,5
sYRCNgPc,72F1To7PQhbCdD9b,5
sYRCNgPc,7dy2APmK5hauUUY0,3
sYRCNgPc,7sOtthLiep8pHexm,5
sYRCNgPc,8EQrKJoR0QRaRHYA,5
sYRCNgPc,8FeXcAcX2du9dl1z,2
sYRCNgPc,8Q8BKi1LR8FaP66M,4
sYRCNgPc,8sU8S6MqOFMq5kfB,5
sYRCNgPc,9eBARJg3SrSZzwGi,1
sYRCNgPc,A4tn9qtgJDdvxcyb,4
sYRCNgPc,A6WKiiQIZw9IYihs,1
sYRCNgPc,AQdKnqIrQJXsKcIX,2
sYRCNgPc,AbvLmOfaXjQzxWdy,2
sYRCNgPc,B2KAItJ7HOa6yn2A,1
sYRCNgPc,BJDglKpX3wGpW7RY,4
sYRCNgPc,BdypBDO2qtRnPSsQ,5
sYRCNgPc,Bkbdm1lWGkxbsJZF,3
sYRCNgPc,Bnhw3CsBXwTOvlb3,5
sYRCNgPc,D5Rr2xQNHQmhfG3e,3
sYRCNgPc,DXBBZ3ayJRkuXxqd,4
sYRCNgPc,EpbYea8C1s9kyFTi,4
sYRCNgPc,FB2gSQuSTUKDAWOm,1
sYRCNgPc,FgTp7XSJjzw5EdhH,2
sYRCNgPc,FuqPTI5nboM1F0bX,1
sYRCNgPc,FuqyJe41jd40QRc0,2
sYRCNgPc,GF2jifks0NcnquPW,5
sYRCNgPc,HGzQ1rjJKD0xAvka,5
sYRCNgPc,HOb5o3pPaMPxMwZ5,5
sYRCNgPc,HVIfHSpcFcl8wPak,4
sYRCNgPc,ISRzM345rbL3UmZh,1
sYRCNgPc,IyjJMLOxmlBKpTTC,3
sYRCNgPc,JBw0wI6ebRzPHcgZ,2
sYRCNgPc,JxBExAPTU49OooiL,1
sYRCNgPc,JzeHCaWkQoDaVA0s,5
sYRCNgPc,Mre65SwKLrFTTpJT,1
sYRCNgPc,MsFZIOW2NnL3RgGb,5
sYRCNgPc,MuGRV5kxllYWsA6i,5
sYRCNgPc,NLM2W4xdqjkpfKs4,2
sYRCNgPc,NgJW0tmrKfvrvYaq,4
sYRCNgPc,NiBfz8ulDE0SIUtU,4
sYRCNgPc,Nzlz8m7J4Aw6ToR6,3
sYRCNgPc,P818vUtI4P1peyoz,5
sYRCNgPc,Pg4VuxvdaU9DsxtK,3
sYRCNgPc,Qvvhl9Z7rJ0pDTVe,5
sYRCNgPc,R8a46oYlyKIT5ePa,1
sYRCNgPc,RIfkcNrmpw4HtRRA,2
sYRCNgPc,RabzWIT1C9iSUd4c,1
sYRCNgPc,StBA0LZN9G0w8udT,4
sYRCNgPc,U2NGxbMmwenGc1tz,4
sYRCNgPc,UhsW1Y10zHwq8Euu,2
sYRCNgPc,WGrBqr5tQVCKmIt4,2
sYRCNgPc,WveeIxtlzs40j1fj,5
sYRCNgPc,Yw6jdBEyRV4yzXKg,2
sYRCNgPc,aSombmbHR2cx9BIb,3
sYRCNgPc,bLsIJbjYLQfgOfqa,5
sYRCNgPc,c7SFkqvNcJClnudI,4
sYRCNgPc,cc19QUyHYxtK1JGO,2
sYRCNgPc,eIggpnxCRtccETsH,2
sYRCNgPc,fbycYs1kK3WQZJwW,5
sYRCNgPc,gtxJsfdpWUyDhJ3L,2
sYRCNgPc,h6tSb791MdX5Zn9o,2
sYRCNgPc,hfbI6KJ7CjMKcqdZ,3
sYRCNgPc,ikIbrD1cMcBnz9bX,1
sYRCNgPc,kCzOQfE7bTyJJ6wT,1
sYRCNgPc,kmqIK69pUrwtnGkd,1
sYRCNgPc,ledxgbwsHKtvRc1m,2
sYRCNgPc,lvrrZ0ZGakH4WY1m,2
sYRCNgPc,mAP413RnKcYGB1NI,2
sYRCNgPc,mOzVT2rko9LKSRSa,4
sYRCNgPc,mXZPZ3UpEev9DcqJ,3
sYRCNgPc,n5qA2WfgN6nlROGY,1
sYRCNgPc,ncjNyVTitJLQ5wPT,3
sYRCNgPc,oU6T9MA9bRBSUE4s,5
sYRCNgPc,p3LV9a0JY1pdXzoi,5
sYRCNgPc,p9Ho1rXku6oWqUUw,4
sYRCNgPc,pF1Fif486YUHDgNg,2
sYRCNgPc,q0QUp5qlZ9JTIB2L,5
sYRCNgPc,qnUMDIgpCmxHkIN2,5
sYRCNgPc,rPQpbv22B1Ocrt71,1
sYRCNgPc,rtRcgKMormj9atKq,5
sYRCNgPc,s1CLFfPR68V8RVd9,1
sYRCNgPc,t0IojjUuAI4FnHRp,3
sYRCNgPc,t9SG6Icn47uCVQkP,2
sYRCNgPc,uMuGlLCuV6RLHEQB,5
sYRCNgPc,uNG9lwxYq9ehe72u,5
sYRCNgPc,wFu4j5vE7pFMy5Gg,5
sYRCNgPc,wNQ4e6T5xifMXfID,3
sYRCNgPc,zCOFVMAu6TBUjftI,4
sYRCNgPc,zEwkhcp2VpOtH9Tm,2
