user,item,rating
w876zsaH,0RvVdVcSWzXJb6ME,3
w876zsaH,0TUVnxT8mZi0me73,1
w876zsaH,0kG80toKp2msfAut,1
w876zsaH,1Q9EfpHF3qXbP6QT,2
w876zsaH,29M142MilWKloMzE,3
w876zsaH,2Y3nC28aqeKwXpYx,1
w876zsaH,3HvfvePcZG4sS35b,1
w876zsaH,3hEjA5IOkCTElGbh,2
w876zsaH,3v7e8cdPRy1Nu5jP,1
w876zsaH,5MRuns1Y8IPyqHMX,4
w876zsaH,5cbqt7zMVIO9RS4i,2
w876zsaH,6YPuZxQMCg8JIHlu,4
w876zsaH,6oeCVzmk8K7zRq8N,1
w876zsaH,6x3yFtoral2nFeB9,5
w876zsaH,7TXFVn85yJfA4kUR,3
w876zsaH,7dy2APmK5hauUUY0,1
w876zsaH,8EQrKJoR0QRaRHYA,1
w876zsaH,8h9SvtDVZxvJPtMN,5
w876zsaH,8p7LqtdZYQPpTZ9u,4
w876zsaH,957xQTBWFh0QdEnn,4
w876zsaH,9ZB6CInjWB2RZZNJ,1
w876zsaH,AKwjtIHurJqCMqad,2
w876zsaH,AULxStFEDQpXjqnO,3
w876zsaH,AvZmVLmggrcgKRsw,2
w876zsaH,BSOSLiBSHTHZsm0U,4
w876zsaH,Bkbdm1lWGkxbsJZF,3
w876zsaH,Br3IkHIgYtDMoeZd,2
w876zsaH,CIWCOHeIctucN5B3,4
w876zsaH,COBV5pQ2EcC0TF1i,5
w876zsaH,DCGfbfx5Ws2EsZk3,3
w876zsaH,DIyaQEDDWimMwu11,2
w876zsaH,DfElbQIsjCbdPDoT,3
w876zsaH,ES6BldgFEWOxDY0L,2
w876zsaH,EUrHwJvAMVT5yXgO,2
w876zsaH,Fl5KO2u5a0A23AWi,4
w876zsaH,FpIoXZejoidPdDQw,4
w876zsaH,G8XCNtjuWKexncvI,3
w876zsaH,GVUtDKIEW92CESzD,4
w876zsaH,GhgqWyCZFhbbxcZV,4
w876zsaH,HmgtChm3f2QYfEr5,3
w876zsaH,HnbdmbcvP2Gr7LWo,2
w876zsaH,ISpS8bpaIM28JB0M,4
w876zsaH,JfAE32tryC9sSEFY,5
w876zsaH,Jfj9wgSsOwo0ljZ6,5
w876zsaH,JkjBf7kxMqEZ2YnY,5
w876zsaH,Jo1V2KIjDpAjHT6M,2
w876zsaH,JpwnuvEtNdWRt5T7,2
w876zsaH,KOA8plo1HJXoKZns,4
w876zsaH,LOBvfRN6fesXWPAl,2
w876zsaH,ME5fwFJqaz0mFDZ0,4
w876zsaH,NXOBoXtbDyOc8JZ7,4
w876zsaH,NgJW0tmrKfvrvYaq,1
w876zsaH,NtkjIOkNpisy1h9w,3
w876zsaH,ObApGqFy4x9vJipV,3
w876zsaH,Obf5i3NCScaXeU9u,2
w876zsaH,QN9gl4mM39Q8ZTB8,5
w876zsaH,QQXVeT00K3HKBcOS,5
w876zsaH,QSjtdLhhEK2WiKY0,5
w876zsaH,QiLJqv5Na3XvVDi4,4
w876zsaH,RoV3fR8NtSGsaYp2,1
w876zsaH,RrWGmNC1onjsMNAm,2
w876zsaH,SyNFLOF3wVNH7fR6,1
w876zsaH,Tn4gOOQebFC2US56,2
w876zsaH,TsTJyRKcxAAQxUVJ,4
w876zsaH,UOS0OSjtkR52b3YB,4
w876zsaH,UxAo1PGb2DoMnl4G,4
w876zsaH,XX3Or77LnOWBMVnF,5
w876zsaH,YOHTrrhTmuNwqlmo,4
w876zsaH,cPTvsFsGfYI5RdYh,5
w876zsaH,dJW78nzpFlDiGudt,3
w876zsaH,dqM6EiaKVV0kIFAG,3
w876zsaH,e35G2eY39So5udJj,5
w876zsaH,fVQqDSK410aPU9ru,4
w876zsaH,fdOhXrznNFh5if0t,3
w876zsaH,fiaLHDgTCe7BHtmG,4
w876zsaH,hi40wFEEJshQgboH,4
w876zsaH,iHl3UNzDKX1L55OF,4
w876zsaH,k9zSaDBKqwRLkpdZ,2
w876zsaH,kPGuVcxCwoxOgpVo,4
w876zsaH,kXtmJg8AWT68mJ4w,1
w876zsaH,lNR8sp1v6Ez5q2cv,1
w876zsaH,mZr6raLO4z8GxXM8,4
w876zsaH,mmPeKrdADiQCmpYr,4
w876zsaH,n2b5Az5t3GzfvroQ,2
w876zsaH,nVI41IS6RYofpByI,4
w876zsaH,nyD6cLkbBcN6fhuw,5
w876zsaH,o3ztz8lr1DtMwgI4,1
w876zsaH,o5D445pGWetmwqai,5
w876zsaH,oRO3xwQH7NZvigk2,1
w876zsaH,oU6T9MA9bRBSUE4s,5
w876zsaH,ovgP7MHlcKhB705u,4
w876zsaH,pHa5Hj583E2FSu4q,2
w876zsaH,qMn0wqtrMcs0bUkw,4
w876zsaH,ql1KA2D7GcUsKNWd,3
w876zsaH,rb1SrMGF8SGBwoyt,1
w876zsaH,rjEaOzvGJKdXgCUY,4
w876zsaH,rxPk2un7aDIZFqpN,4
w876zsaH,tHmYPWE0EUznpfX2,3
w876zsaH,tOdCg6ZBhNFRORrM,3
w876zsaH,tbo4ayQFYKcv6AA2,4
w876zsaH,uGM5NmO7Q6U6za7Y,3
w876zsaH,vAH9p8ntKBiddAt7,3
w876zsaH,voOFgJMKn8FTwStp,3
w876zsaH,w8crOpjyfpJMhO0Y,4
w876zsaH,wNQ4e6T5xifMXfID,3
w876zsaH,wZmR3WF1O9yfQNsx,5
w876zsaH,wwHuG5rt0KxGWgg5,5
w876zsaH,wzIHMoLau44Ewf8O,1
w876zsaH,ySHGYLNC7XtywfIZ,2
w876zsaH,yluEtk8ofCszXjGu,3
w876zsaH,z1AaC2IPTgnlom67,5
w876zsaH,zxNShskTD0eMfxKu,4
