user,item,rating
yT3Wy8Lj,0JFCjVx2P1RMzy3h,3
yT3Wy8Lj,0bpZVEEremlamg34,1
yT3Wy8Lj,0vp5PmkfqCasMeGu,1
yT3Wy8Lj,1SZlC8Z9gy6rEoYb,3
yT3Wy8Lj,1nrTRvzTTYUn1raF,3
yT3Wy8Lj,2s28qMo2RtY7k1MA,1
yT3Wy8Lj,4UpwP9PI4WRbGpYR,2
yT3Wy8Lj,4eTE85omh9GZkYRN,5
yT3Wy8Lj,4zW0YjUCv8LxjIOY,1
yT3Wy8Lj,5FuYbRJPSjEp3vjm,1
yT3Wy8Lj,5XSrSdrXmP9aJoeD,4
yT3Wy8Lj,5cuJjBH54J7AnDwH,4
yT3Wy8Lj,6HBXSh4t9qAYripU,2
yT3Wy8Lj,6Md68c2Ik0FqOT2B,1
yT3Wy8Lj,6oeCVzmk8K7zRq8N,3
yT3Wy8Lj,8UEcHLVp6PuhDdUT,5
yT3Wy8Lj,8dAUgouuiPtQ38gi,2
yT3Wy8Lj,A36Y1CZUBLrLPQKO,3
yT3Wy8Lj,AIoNddHoyo4RKFJ0,4
yT3Wy8Lj,ANLUt6PwNcsHYoUj,2
yT3Wy8Lj,AbvLmOfaXjQzxWdy,1
yT3Wy8Lj,CcrqMO4f2Gy22j8f,3
yT3Wy8Lj,Cd3oFoHCBI6igPln,5
yT3Wy8Lj,Cy4lVYEa3AO0uoLN,4
yT3Wy8Lj,D22Nw75LIarq0u59,4
yT3Wy8Lj,DESw6TEsvTIkhG2A,4
yT3Wy8Lj,DGBp2Mtwp8Z2affH,2
yT3Wy8Lj,Dnts4pIeIElT3h3W,5
yT3Wy8Lj,EM6SuSRJHnSSlWqh,2
yT3Wy8Lj,ENh81oBZjyJFDBCu,2
yT3Wy8Lj,EONQjXpwums4K249,5
yT3Wy8Lj,F9mK32dIqKHLfQLi,2
yT3Wy8Lj,FB2gSQuSTUKDAWOm,4
yT3Wy8Lj,FTUKtTwfMHlmX3yQ,3
yT3Wy8Lj,FiTkLsyLYsz2JlzN,5
yT3Wy8Lj,FpIoXZejoidPdDQw,3
yT3Wy8Lj,GKNQ93vGYyA5QDyn,1
yT3Wy8Lj,HTGHDZJKQMOLAIgK,1
yT3Wy8Lj,I3DDMqq9rXveBmuz,4
yT3Wy8Lj,IUlZ4eko9lIpr18n,5
yT3Wy8Lj,J1CL0AHYmkn61xsD,1
yT3Wy8Lj,JR89x51UEx4sW5qc,4
yT3Wy8Lj,JyhE5p8IXB6STjhD,5
yT3Wy8Lj,KEE62fjfItJ5Pyap,4
yT3Wy8Lj,KyygeEtov0Co9TOI,1
yT3Wy8Lj,KzcsQOFKnlDXnzJJ,1
yT3Wy8Lj,ME5fwFJqaz0mFDZ0,3
yT3Wy8Lj,MTf0LntduRjl6qCt,1
yT3Wy8Lj,MzUejuWST6dbegMG,1
yT3Wy8Lj,NeZNXvals0TSagn3,3
yT3Wy8Lj,OL3Bv6sPOeGyZaw8,5
yT3Wy8Lj,OpJ3jrmMYbjycG1z,5
yT3Wy8Lj,QP6iI8oiuz1JX0bC,3
yT3Wy8Lj,Qvvhl9Z7rJ0pDTVe,3
yT3Wy8Lj,RrtEyXkdiLpzBedB,5
yT3Wy8Lj,SbBX2tPm3lUtPsr6,3
yT3Wy8Lj,TAnUhHvHiGALzqGX,5
yT3Wy8Lj,TjS2EwpiZB4TyHcZ,4
yT3Wy8Lj,Vj689I2ztgrsbvVx,2
yT3Wy8Lj,W2jiU3C2LtTwmpX5,1
yT3Wy8Lj,W5nFU6YmSe9Br5Ot,5
yT3Wy8Lj,WgKL7M8srYcO8y3E,1
yT3Wy8Lj,XM46A4lFaXbxwFRD,2
yT3Wy8Lj,XX3Or77LnOWBMVnF,4
yT3Wy8Lj,YZDkpVqr6gm2KRte,4
yT3Wy8Lj,aRKGPHSHWoQxPL2w,2
yT3Wy8Lj,aWSHu1jL2jXJKzEm,5
yT3Wy8Lj,bI52uABME5Os2kvB,4
yT3Wy8Lj,bWwjZik0c8YRNdgx,4
yT3Wy8Lj,bbq7pQL4rD0sWvUb,4
yT3Wy8Lj,buc78V5g87WGHuuu,1
yT3Wy8Lj,c1y6Z5HXm3TegNkB,5
yT3Wy8Lj,cPTvsFsGfYI5RdYh,1
yT3Wy8Lj,dDsldJ1qUfaxFFZA,5
yT3Wy8Lj,diUrn2X4kefe6boa,5
yT3Wy8Lj,dnj9sEBBUI8ZXHqN,4
yT3Wy8Lj,eCefdryGnG2IConf,1
yT3Wy8Lj,efk3m7mLjMYmcJDi,3
yT3Wy8Lj,et2pIujXaJK4W73p,2
yT3Wy8Lj,ezs5dDMM7Dh6dgr3,2
yT3Wy8Lj,fr7gYQCbLyGHtyCy,2
yT3Wy8Lj,g43aRIhH7Zmqv3EB,3
yT3Wy8Lj,h7pq853hdSC0tU0N,4
yT3Wy8Lj,hYGjDjQwxeRQBDz4,1
yT3Wy8Lj,hgupE7lU8rJNlOa3,4
yT3Wy8Lj,hkYR4uUomRESkbfS,3
yT3Wy8Lj,kiIpXW7bmy16Buny,5
yT3Wy8Lj,l2IlQXdd6kL3WZn5,5
yT3Wy8Lj,lgxnAEU8CgrlJquL,1
yT3Wy8Lj,mDwYwdnK83jFIluS,5
yT3Wy8Lj,mlooBAUBi1izPqdA,4
yT3Wy8Lj,modmk4rAxvHvhyEh,1
yT3Wy8Lj,mr9LjK4OKdDPGeBB,1
yT3Wy8Lj,muQa0FoA1m0X8o6h,4
yT3Wy8Lj,o3ztz8lr1DtMwgI4,1
yT3Wy8Lj,pPY8w76CFjcyRYMQ,1
yT3Wy8Lj,qBfOByhg9UmQbZTL,5
yT3Wy8Lj,rGquJjzgEdbIZrnB,2
yT3Wy8Lj,rYGsT0SLxHKSW32b,2
yT3Wy8Lj,rjEaOzvGJKdXgCUY,3
yT3Wy8Lj,sxlInnCPbLosSGfc,1
yT3Wy8Lj,szkw6jDcB1YUu8xP,5
yT3Wy8Lj,t0IojjUuAI4FnHRp,5
yT3Wy8Lj,tqQ8uk39yLlOZ10L,1
yT3Wy8Lj,uNp5n9ziPoSjwab6,5
yT3Wy8Lj,vgLBMprblNQ7ucBB,3
yT3Wy8Lj,wa90Nsd8bKCOT8z2,4
yT3Wy8Lj,zCOFVMAu6TBUjftI,2
yT3Wy8Lj,zOR6SxbCykTbn83e,5
yT3Wy8Lj,zaQOAewPGm2QYzoR,1
yT3Wy8Lj,zrgdmOIUnV5DhCsG,5
