user,item,rating
DEwJ1ElK,0JFCjVx2P1RMzy3h,2
DEwJ1ElK,0czl9ZEa2VRgID6u,1
DEwJ1ElK,1jM5Xg4ldMqNoTrg,2
DEwJ1ElK,1uJNupU6GqjKAbHs,3
DEwJ1ElK,2MuADzavcbzz2LNz,2
DEwJ1ElK,2pwQKbR3Zp0gh4zH,3
DEwJ1ElK,3H09EnDDFksTHQbC,4
DEwJ1ElK,42QqtbZXWpOC7Nne,1
DEwJ1ElK,4UpwP9PI4WRbGpYR,2
DEwJ1ElK,5CPrwZX49kH6wNql,2
DEwJ1ElK,65XJcGivLEBBMPIR,1
DEwJ1ElK,6qZePfWoiYPE4ZIT,1
DEwJ1ElK,89RISfSVUWqfYLOi,3
DEwJ1ElK,8SCl4kmrK0XQRoGv,2
DEwJ1ElK,8m2tSUV1dTvv8cc5,1
DEwJ1ElK,8qM3wXbSS4argbAS,4
DEwJ1ElK,9gr31Fy7zZ63gfRM,1
DEwJ1ElK,AItpESMse915qaYb,4
DEwJ1ElK,AaxJFPG4zliBX8Iu,2
DEwJ1ElK,BEBK23a7a5l0QYqC,1
DEwJ1ElK,BJDglKpX3wGpW7RY,5
DEwJ1ElK,BSsuIqtckjoPrKoU,2
DEwJ1ElK,DtfRPEKJ8uV814Od,3
DEwJ1ElK,FpIoXZejoidPdDQw,4
DEwJ1ElK,HTGHDZJKQMOLAIgK,2
DEwJ1ElK,HnbdmbcvP2Gr7LWo,5
DEwJ1ElK,Hxf5q1bQBraQg4Nk,4
DEwJ1ElK,IrD0RNWiEAjuWkKN,3
DEwJ1ElK,JC6dmrQDyHCQoOtU,4
DEwJ1ElK,LOoC7scIChxXSSzN,3
DEwJ1ElK,MaIr0JJQFvLalvZO,1
DEwJ1ElK,N2c6J0WWamAR0v2e,5
DEwJ1ElK,NCrmZQR3zTfu2vdl,3
DEwJ1ElK,NXwZLF4v07MkM1tX,1
DEwJ1ElK,Ncy35W2lVY6u41Ap,2
DEwJ1ElK,OSBHBR1Zfjwa3Ru1,5
DEwJ1ElK,OWOGmKeKZKv45O5U,2
DEwJ1ElK,OsCqQjEBLMGTXxA9,3
DEwJ1ElK,PnbUNaolAa7W13ft,4
DEwJ1ElK,PvmfG4AQvJWylZ8H,3
DEwJ1ElK,PwswUIyMq54InB5O,2
DEwJ1ElK,QcPxgstVVzAe1Fy5,1
DEwJ1ElK,R3G20As1PinbBmBs,2
DEwJ1ElK,RjMfLZJenG8FTofI,5
DEwJ1ElK,Rkb89a6wGKEtCw7t,4
DEwJ1ElK,RoHUsyJsKWAidmoN,5
DEwJ1ElK,SBBZDINO5H2KOXl6,5
DEwJ1ElK,Sop1LT6bOM9j70KD,3
DEwJ1ElK,TB9g4PI3d3ZyatC8,4
DEwJ1ElK,TsTJyRKcxAAQxUVJ,2
DEwJ1ElK,UfkzXvigWOhvJo9M,5
DEwJ1ElK,UggxzEDayBCZ5TBE,5
DEwJ1ElK,Why2FvPYmcONcIAt,5
DEwJ1ElK,Xe7ZCoCZyNxlven3,2
DEwJ1ElK,Yg7YJfiybFHndiad,5
DEwJ1ElK,YuB6W1fLFiyT7BKB,1
DEwJ1ElK,a7R2mY5iSz91dh23,5
DEwJ1ElK,aLWQpeee6JhgIld4,1
DEwJ1ElK,aP4SJhHOcVRSWTt5,1
DEwJ1ElK,bNnalzoZtLOGnxj8,4
DEwJ1ElK,bPJUHbsdpR37wMhB,2
DEwJ1ElK,bjnpltxrAFnMpmo3,2
DEwJ1ElK,buc78V5g87WGHuuu,4
DEwJ1ElK,cDd2Lvvtd6MqTW93,5
DEwJ1ElK,cSGzUIWwU0kwy5nC,5
DEwJ1ElK,d5Dko4Xfa1vKcJSP,2
DEwJ1ElK,dXgwM2uOD0EzJ552,2
DEwJ1ElK,dsdybeacCyFiXAAT,2
DEwJ1ElK,dsuoTMKbSotUq27u,4
DEwJ1ElK,fBRRGnGkcMMIDYzK,1
DEwJ1ElK,fiaLHDgTCe7BHtmG,1
DEwJ1ElK,ghJfdLCiQ1L6VEIf,3
DEwJ1ElK,grQkTnY45Uzlw9AO,1
DEwJ1ElK,j1wlq5SlDSzantm0,5
DEwJ1ElK,jkOnZW7MZfuLVzCo,2
DEwJ1ElK,juI1EH5bEdpvSNUh,1
DEwJ1ElK,kem0hGvaGfzoig7A,1
DEwJ1ElK,lUCUyljbQbwG136j,5
DEwJ1ElK,loLV7uMj7xSpQHcm,5
DEwJ1ElK,mMuHUSM73nR2fyaU,5
DEwJ1ElK,mnjF9Rozf5qGWH21,3
DEwJ1ElK,nQ4fpjR6BzjKKj5o,3
DEwJ1ElK,pCtyZDlgQwKFfQpU,3
DEwJ1ElK,pF1Fif486YUHDgNg,4
DEwJ1ElK,pRyQP7nSEoopqbBG,5
DEwJ1ElK,pUiAAJzcwMgLBADd,2
DEwJ1ElK,pVN36WMsjuqxjxcb,5
DEwJ1ElK,pmNArkxwJiBCuuAI,5
DEwJ1ElK,puI1j79YvQV7ht4w,3
DEwJ1ElK,qHMZ5IQbbwg2kpeO,1
DEwJ1ElK,rJHJ9IJVA7YVmKMG,5
DEwJ1ElK,rPQpbv22B1Ocrt71,2
DEwJ1ElK,sfbIvZeiJWmHEuUn,2
DEwJ1ElK,soVMMowlUzrMb84H,1
DEwJ1ElK,svvzBGTK8acLNn2n,2
DEwJ1ElK,szMY3FGC2mRNZXc9,4
DEwJ1ElK,t9SG6Icn47uCVQkP,4
DEwJ1ElK,tHIIerBiRyzSV2c3,4
DEwJ1ElK,tXsYOSUoFCiiaGZV,3
DEwJ1ElK,uBCceXI3rqu9ZxIi,4
DEwJ1ElK,uaJ9X7WbKpPBtBK2,4
DEwJ1ElK,v6ANuSNqR3fLPldF,4
DEwJ1ElK,vC3yPwwDJ5hlwFMC,5
DEwJ1ElK,vKxMw8DfXzttVqxo,4
DEwJ1ElK,vP4P4KU3ayYFkQY4,4
DEwJ1ElK,weP9txVTCof2LLpq,2
DEwJ1ElK,wjVM79PTFkUYPumN,3
DEwJ1ElK,wytAKIkSq1eu1CG1,2
DEwJ1ElK,y5kreBVQHDNDkopG,2
DEwJ1ElK,y6Z7FzQTp6S6mQ2W,1
DEwJ1ElK,yrBlo2pXetZM89fm,4
DEwJ1ElK,zOR8XykGkdH8MLxX,5
DEwJ1ElK,zYNBh92jnL4vjZfg,3
