user,item,rating
yHAFGBkZ,0QLmKuPMqjGjzLjU,5
yHAFGBkZ,0bDQ4qUD8e9U4vg7,4
yHAFGBkZ,1mZAQgMylaoot0TT,5
yHAFGBkZ,21xRQm4HWSKM5yKe,1
yHAFGBkZ,27UiB3G256J1qiKk,4
yHAFGBkZ,2TbTz7r4Yz0gpFS5,4
yHAFGBkZ,2wchZjd8rMM859nb,4
yHAFGBkZ,3Jv90YqmCTy3A9Pm,3
yHAFGBkZ,3eV1Ua5cyVAvAbv4,2
yHAFGBkZ,3feyTEfizBZiwN2x,3
yHAFGBkZ,4bEYOnjuQUC584g9,5
yHAFGBkZ,4zW0YjUCv8LxjIOY,2
yHAFGBkZ,6HBXSh4t9qAYripU,4
yHAFGBkZ,7LiHCGkDuT0Vtj5N,5
yHAFGBkZ,7pZD29PGvcadslIL,3
yHAFGBkZ,8GCcXUlxEZe9vtUB,1
yHAFGBkZ,A4sZlTBR2kJsUUNa,4
yHAFGBkZ,A5or6vLdJlsaIfk6,4
yHAFGBkZ,AItpESMse915qaYb,1
yHAFGBkZ,APIlmb6SvQvNUt83,1
yHAFGBkZ,Br3IkHIgYtDMoeZd,4
yHAFGBkZ,BuuD4wdLAkgO3LJS,2
yHAFGBkZ,C2VhsA2eTFAHwzyC,1
yHAFGBkZ,C6JYyvKT4otPu3XF,4
yHAFGBkZ,CVcIuyU2etYwlWSj,4
yHAFGBkZ,CoahGAxsZn0qmJfi,3
yHAFGBkZ,DHUhgNKRMWgdpqF8,3
yHAFGBkZ,DMZEQ5GtlrelMWHD,3
yHAFGBkZ,DwWIoolbRdfOWA0Q,4
yHAFGBkZ,EpTLXzLS9iSD6EAz,1
yHAFGBkZ,FiTkLsyLYsz2JlzN,1
yHAFGBkZ,G7fptWtqlTbYH8uv,1
yHAFGBkZ,GgogAW8uhLBHTUzy,3
yHAFGBkZ,HDDZpC9htcEX0DwH,3
yHAFGBkZ,HGTdytOmBHVLQZEM,3
yHAFGBkZ,HOi1BaBRE0EpGciE,1
yHAFGBkZ,HZDcNMBLUI1jd4wN,5
yHAFGBkZ,HmgtChm3f2QYfEr5,5
yHAFGBkZ,HpMT56Sz4yyQOSzg,2
yHAFGBkZ,Hxf5q1bQBraQg4Nk,3
yHAFGBkZ,IrD0RNWiEAjuWkKN,1
yHAFGBkZ,Jo1V2KIjDpAjHT6M,2
yHAFGBkZ,KkLP3o1oEeKdWWJe,3
yHAFGBkZ,L2ir72WmaECOhDGY,3
yHAFGBkZ,L847wY03YeZlEZln,1
yHAFGBkZ,NbQ1Uf4UVmZcpGXS,5
yHAFGBkZ,P818vUtI4P1peyoz,4
yHAFGBkZ,PnbUNaolAa7W13ft,1
yHAFGBkZ,PwswUIyMq54InB5O,2
yHAFGBkZ,QXTNYaXzA5MIG3pC,5
yHAFGBkZ,RIqs4H3pnL9x6Nz2,5
yHAFGBkZ,RaxieW7liJDpcgj9,5
yHAFGBkZ,RoV3fR8NtSGsaYp2,2
yHAFGBkZ,RrWGmNC1onjsMNAm,4
yHAFGBkZ,Rwwo9fBceKWzS8dV,1
yHAFGBkZ,SOGbCqrtSXmk0sjU,2
yHAFGBkZ,Sng9OYRAf0Qg0LQi,1
yHAFGBkZ,TnMpBM4eNmqAlGlc,3
yHAFGBkZ,UGzOAjYQVYHh8xMt,3
yHAFGBkZ,UYyNJQyT7AwIQ0p4,2
yHAFGBkZ,UhIenjo8isevCKvA,4
yHAFGBkZ,VNxcpMF2bvRc6Qq9,1
yHAFGBkZ,VkIoqrOcGlPmWtUZ,5
yHAFGBkZ,VqQ6Q5viXQ67wDjp,3
yHAFGBkZ,VwQ7cAySgMH8wYCd,2
yHAFGBkZ,WGrBqr5tQVCKmIt4,4
yHAFGBkZ,WIJ5o35JEcH7nKph,3
yHAFGBkZ,WrEHd963QgfkBQZR,1
yHAFGBkZ,XbM6UACXyGO2u0b7,1
yHAFGBkZ,XvvXt9UHQPjgRmvj,1
yHAFGBkZ,YZnt8pN3WoniJcok,5
yHAFGBkZ,YjCGvhAGT6xUDVwV,2
yHAFGBkZ,ZnufF1ZwpzTH3ziQ,2
yHAFGBkZ,aww1STRdCwCgANA3,4
yHAFGBkZ,b6QvfJzYnElEoDvD,5
yHAFGBkZ,bFC8B0W8rPkL3LcO,4
yHAFGBkZ,bJIDxAULfQMjw1In,2
yHAFGBkZ,c1y6Z5HXm3TegNkB,1
yHAFGBkZ,cRio8sgQy9aUleDR,4
yHAFGBkZ,ciPP52CRFHr9ZjDP,4
yHAFGBkZ,eeDvfLt2bnjZ5w5g,3
yHAFGBkZ,ewUHDI7HGmPogCHJ,4
yHAFGBkZ,h3VHmMM6XGVS7Fnq,3
yHAFGBkZ,hfF4M0MNMxRH0WQu,1
yHAFGBkZ,iMDdYf7kSlBwF0EJ,5
yHAFGBkZ,kV24Tomalevd3LKx,4
yHAFGBkZ,lIfw0SkOSXvh3dkj,5
yHAFGBkZ,lZLOPVqk3w7paMoT,5
yHAFGBkZ,loLV7uMj7xSpQHcm,3
yHAFGBkZ,lurs84UX4CompAq2,4
yHAFGBkZ,mmPeKrdADiQCmpYr,3
yHAFGBkZ,o7pAoLwFUYJXyUkY,3
yHAFGBkZ,oJHTbwOwdqhhfOwB,3
yHAFGBkZ,of1p3xpFNtrCce4D,3
yHAFGBkZ,rj5xf0lZkwDmoOfG,4
yHAFGBkZ,sqkBrzxSrwFR3CRd,1
yHAFGBkZ,tw7yJRG0uBbXHvNq,1
yHAFGBkZ,uNG9lwxYq9ehe72u,5
yHAFGBkZ,vrCSjIpEjMLnyLdf,4
yHAFGBkZ,wBBNuj8DbN59HSIb,1
yHAFGBkZ,wGbowYkFWcPfA1Gq,3
yHAFGBkZ,wR9fyWCyxI8shW9H,1
yHAFGBkZ,xfIRimY87qjynw3l,5
yHAFGBkZ,xusR0n9nfmA6ZL96,4
yHAFGBkZ,yJQKDWI1HBLWTmMt,1
yHAFGBkZ,yZIEM0Pb6Hi5neA9,5
yHAFGBkZ,yiEmlk1hFrMQNv6c,4
