user,item,rating
0VXRFZVD,0RvVdVcSWzXJb6ME,4
0VXRFZVD,0TUVnxT8mZi0me73,3
0VXRFZVD,0cIeo4hY51q7FsSH,1
0VXRFZVD,0h9w9DWbqzeBO0jK,1
0VXRFZVD,1RcU5LuNtp07ejr2,3
0VXRFZVD,1UMCWBX4OgWPGXUS,5
0VXRFZVD,1mZAQgMylaoot0TT,5
0VXRFZVD,1nrTRvzTTYUn1raF,2
0VXRFZVD,1xUn8lmYycvYN4DY,3
0VXRFZVD,2EOuzH0cG8vKJnWm,1
0VXRFZVD,2NqIBXSAK82Qj8A8,2
0VXRFZVD,3Ssd7yV1k25rPbw3,1
0VXRFZVD,3feyTEfizBZiwN2x,2
0VXRFZVD,3uzxJmF98k6CdlLn,5
0VXRFZVD,55OVO6FBD8pjrLgw,2
0VXRFZVD,5GATwERwOJn8FU52,2
0VXRFZVD,5VPUhKWEUMlzYHJ4,3
0VXRFZVD,5ojsQwt551UqUD6K,5
0VXRFZVD,6Md68c2Ik0FqOT2B,1
0VXRFZVD,7fRAgXBV0FsAlHlO,3
0VXRFZVD,7uonzS02OhL70VqJ,2
0VXRFZVD,9HxqUtU65QdWEy25,4
0VXRFZVD,AGzC0eBwBXDm9DVJ,4
0VXRFZVD,BPGDz7AoUewgqAJ0,1
0VXRFZVD,CIWCOHeIctucN5B3,1
0VXRFZVD,CSDZYnJWg2lyHKLM,5
0VXRFZVD,CpIVlhAMEbeef27l,1
0VXRFZVD,CxnY45LM9tU9rPTI,4
0VXRFZVD,Daw4iPH5Zgs8Hs3i,4
0VXRFZVD,EHzsT1JvkyLeZ8Hh,1
0VXRFZVD,FiTkLsyLYsz2JlzN,5
0VXRFZVD,GGk8dYl00jR2VKMx,5
0VXRFZVD,HOQM86CICfJRaEOM,4
0VXRFZVD,HOb5o3pPaMPxMwZ5,2
0VXRFZVD,HZnlcDQB4HnYzIb3,1
0VXRFZVD,JBLQmFQh4m3bVu41,1
0VXRFZVD,JRQfAjqD4ygzFSOH,3
0VXRFZVD,JgxRdRhbLa4Px6FB,4
0VXRFZVD,K5MCZihT03cz1DWY,4
0VXRFZVD,Kuek8Cx0SjpBHsAn,2
0VXRFZVD,KyygeEtov0Co9TOI,1
0VXRFZVD,MKGGucH3kopfqXfu,4
0VXRFZVD,MgXVGz2vOOoi9ToI,3
0VXRFZVD,MuFcCdGdXz2z6ehz,4
0VXRFZVD,NXOBoXtbDyOc8JZ7,5
0VXRFZVD,OkxksteUpoDZvKCw,4
0VXRFZVD,OpJ3jrmMYbjycG1z,2
0VXRFZVD,P818vUtI4P1peyoz,4
0VXRFZVD,QBnISJZ7UxHQesDK,4
0VXRFZVD,RMjqu3nQBbPB9p3x,3
0VXRFZVD,RoHUsyJsKWAidmoN,1
0VXRFZVD,Sop1LT6bOM9j70KD,3
0VXRFZVD,VApMSPkI1EyGSVRO,2
0VXRFZVD,VNxcpMF2bvRc6Qq9,3
0VXRFZVD,Wf2mx1jTosaGSwmN,3
0VXRFZVD,Yf1yyhAJwlr9kWF6,4
0VXRFZVD,ZkJXyLwxCng5djty,1
0VXRFZVD,aLWQpeee6JhgIld4,2
0VXRFZVD,aUQLpWNfyJl5VeGS,3
0VXRFZVD,aW5NyqHJLK8ipozh,3
0VXRFZVD,azegJGK2YpBwJ1aZ,2
0VXRFZVD,b7v8NbTbBpDZ2zTe,2
0VXRFZVD,c7FYy6Ob03azIX6l,3
0VXRFZVD,cDd2Lvvtd6MqTW93,1
0VXRFZVD,cHGQoOHQVyBnmsFc,2
0VXRFZVD,cPTvsFsGfYI5RdYh,1
0VXRFZVD,cPZstDeqwpa1ZEkf,2
0VXRFZVD,dTQioyHjhqPj1jfQ,4
0VXRFZVD,dYSNSxk4VM0nxRXJ,5
0VXRFZVD,dwRH60hM1zfcimix,4
0VXRFZVD,exRzzfv8cOflyeqW,4
0VXRFZVD,fCGW5SWfvXaNVkgd,4
0VXRFZVD,gD1oquIqRkUrzIs0,1
0VXRFZVD,h9AS2ew5ti0HdG0f,2
0VXRFZVD,hSld3beMSYUJxCWH,4
0VXRFZVD,hVfE4lDzGh5B0ec8,2
0VXRFZVD,hgbw6YFEuCtFgvXK,1
0VXRFZVD,iOejOulxIg0Ukxtp,5
0VXRFZVD,j9wpbAFFEuxsqp3O,2
0VXRFZVD,jkOnZW7MZfuLVzCo,1
0VXRFZVD,k2qaFaiX1ZwPRZMu,5
0VXRFZVD,kVoYJOdz1MWccDa3,2
0VXRFZVD,l3Kv8iI9XWiwPKo7,4
0VXRFZVD,lFdXEeaBLKCZrUsT,5
0VXRFZVD,lTU1V07yU6uNocQZ,2
0VXRFZVD,lW9j2SyrIRcYb2uW,5
0VXRFZVD,lgRVGGfnWn02qUse,3
0VXRFZVD,mJTDxtOVQcESthNO,3
0VXRFZVD,mOcKVsCcSssg9Dgc,4
0VXRFZVD,mlooBAUBi1izPqdA,3
0VXRFZVD,o7lgjIS0ECNTeJO9,3
0VXRFZVD,of1p3xpFNtrCce4D,2
0VXRFZVD,p0Vv7gBkKc7sS6SF,5
0VXRFZVD,pAdPoyWWJyvjywiV,2
0VXRFZVD,ra0FCucep6Y846gw,1
0VXRFZVD,rtRcgKMormj9atKq,4
0VXRFZVD,s7mDEP6NmCjiem16,5
0VXRFZVD,t0fsacS4mtSTZNkh,2
0VXRFZVD,tbVdg48Ny82dKDn4,3
0VXRFZVD,uLULL9HcXO3cEipa,3
0VXRFZVD,uMuGlLCuV6RLHEQB,3
0VXRFZVD,vS3UOTT5ML2hdkaS,4
0VXRFZVD,wPgxcYZEQtyhm0C2,2
0VXRFZVD,wjVM79PTFkUYPumN,3
0VXRFZVD,ySHGYLNC7XtywfIZ,3
0VXRFZVD,zK1pTHHT7PG4GS6I,1
