user,item,rating
upHyGMTf,00632Dm0mzMGQoD0,5
upHyGMTf,19ncR3YXsEh6ecWR,5
upHyGMTf,1ASNzXdpHs8oZqIW,2
upHyGMTf,1SOCtC2rjtt77zau,1
upHyGMTf,1TKqry8YHwbPn3GV,1
upHyGMTf,1uJNupU6GqjKAbHs,1
upHyGMTf,30wAX4bjLZ7cQS1Q,1
upHyGMTf,3Wo5lbdktkwoA8F4,2
upHyGMTf,3Ym315kf3btD7duu,4
upHyGMTf,4916jcoIQ6YqJHi6,3
upHyGMTf,58V7ddo3XqAXYac1,3
upHyGMTf,5zJh9TmOnlaM5UmJ,1
upHyGMTf,6K8k5sgdVevlqsCo,5
upHyGMTf,6bvosF9URUFrrTOF,3
upHyGMTf,8ziLUOqmJsMv2qrN,1
upHyGMTf,9OHcMRdh7eUdUtqL,5
upHyGMTf,9mVB6vlJvNK3YXyu,3
upHyGMTf,9vh9F2yrAkb0YhST,3
upHyGMTf,AvZmVLmggrcgKRsw,4
upHyGMTf,BDfOI33ty3ZGRbqV,3
upHyGMTf,Boifc2qr6qZ3gI2b,1
upHyGMTf,C2VhsA2eTFAHwzyC,1
upHyGMTf,CgMFJbR7u3boQzHW,2
upHyGMTf,CvanskBuLgvWnXvI,3
upHyGMTf,CxlIYv58qQY9nUDY,1
upHyGMTf,DQGBw0bg4SXtClag,2
upHyGMTf,DVG3E12NUO8kyMNW,2
upHyGMTf,DbpWhQcFKekM0j2l,5
upHyGMTf,EgcyERTR8EQbm1iC,5
upHyGMTf,FwqhLTHT44QDH2xz,3
upHyGMTf,GNAkipkyXZgX7EUU,5
upHyGMTf,GgogAW8uhLBHTUzy,4
upHyGMTf,H50UdCiyzVdXpTzt,2
upHyGMTf,JRQfAjqD4ygzFSOH,2
upHyGMTf,Jo1V2KIjDpAjHT6M,5
upHyGMTf,K5MCZihT03cz1DWY,5
upHyGMTf,LE8yWqIwppXP4L35,3
upHyGMTf,LqP0viq3NkN9CrDb,2
upHyGMTf,M7C5576TQqyA4s9S,3
upHyGMTf,MHNOfFcFLlNMBqzx,4
upHyGMTf,MQpgF21bmp7UKODf,3
upHyGMTf,MSMvVj6BEmW8b22l,1
upHyGMTf,MZ4v9aMC6HWSpOyA,5
upHyGMTf,MgXVGz2vOOoi9ToI,5
upHyGMTf,NDYyoMJ8zxYE4TrX,5
upHyGMTf,NHqbInZbQY3c1Hsc,3
upHyGMTf,NXOBoXtbDyOc8JZ7,1
upHyGMTf,ORFSKCyL1iPMpBLY,4
upHyGMTf,OSgaj9lq6ofQf75w,3
upHyGMTf,PeAF3iKJyOuqMkFo,2
upHyGMTf,PoWmmitiO4AWwFmH,3
upHyGMTf,PvmfG4AQvJWylZ8H,2
upHyGMTf,QP6iI8oiuz1JX0bC,4
upHyGMTf,RhuXQZ3YPCldcwJB,4
upHyGMTf,ShvDJmHF8sJO8pQK,5
upHyGMTf,TX11Gi196Y3yKOMz,5
upHyGMTf,TZlRy1068Ce0Mktc,4
upHyGMTf,TaJCoPEL1mLpJ7HP,3
upHyGMTf,UQE7FN1M99ta0GPc,5
upHyGMTf,UYyNJQyT7AwIQ0p4,3
upHyGMTf,UaJ50XHNXbCdm3Dk,3
upHyGMTf,VZORTloZc16I6JcS,1
upHyGMTf,W5nFU6YmSe9Br5Ot,3
upHyGMTf,WJ2O1I95Wyl5uM1C,5
upHyGMTf,Wbgvxpeu0PNdM1bl,2
upHyGMTf,WrdiPmkdlxdTeLov,3
upHyGMTf,ZGitvnBBUZFtpGOY,1
upHyGMTf,Zj7Aqv1rkPJSTck7,3
upHyGMTf,ZzJm2wRfuTVUEHvk,4
upHyGMTf,acjznWJeL0oMfC1M,3
upHyGMTf,agYXpPgiR8P7ly4l,5
upHyGMTf,avnngf9Jhr8SjRNw,2
upHyGMTf,b6T8zvHJm0omX1uC,2
upHyGMTf,bUMM5vrlBq0ypVgW,3
upHyGMTf,dDsldJ1qUfaxFFZA,4
upHyGMTf,dcjizDdPg23CyevU,3
upHyGMTf,ddwWsILON2VKtHvN,2
upHyGMTf,eDNSdkWx99TolFpt,3
upHyGMTf,eDNm4EucAfouHW9T,4
upHyGMTf,efk3m7mLjMYmcJDi,2
upHyGMTf,eg38b2P9cAS6M0ny,5
upHyGMTf,f6X6OEvnetMB6rDT,4
upHyGMTf,ghJfdLCiQ1L6VEIf,5
upHyGMTf,iBAcThzbPSsjjmCp,1
upHyGMTf,ipXwS9b9KYvwLpkb,2
upHyGMTf,jBuWip4AqPGCn8XZ,3
upHyGMTf,joRY16Br2JpJV4sJ,1
upHyGMTf,kFRETZ7eigurRIXr,4
upHyGMTf,kleAytHOJ1iIff6O,1
upHyGMTf,l6qyD6pSVp39D1PV,2
upHyGMTf,leqz2LOOPAiI8isE,1
upHyGMTf,nO1uvTVm4pjtgHxQ,1
upHyGMTf,nykhEZPX5B7CyNPN,5
upHyGMTf,oJHTbwOwdqhhfOwB,5
upHyGMTf,oRO3xwQH7NZvigk2,1
upHyGMTf,of1p3xpFNtrCce4D,5
upHyGMTf,pbmZ9ll0YRzOLYOI,4
upHyGMTf,pdohjzgHSClFMROg,5
upHyGMTf,qJVbvzZcgkAWCksG,4
upHyGMTf,rjyLZ8fHNLNdFgNt,2
upHyGMTf,svvzBGTK8acLNn2n,5
upHyGMTf,tdmSKNwkcdI6Exoc,5
upHyGMTf,tmMtubirDgegtK5l,5
upHyGMTf,vKxMw8DfXzttVqxo,5
upHyGMTf,vSub90z4NJV6rUZb,5
upHyGMTf,xzySrmpjXkX9SI1a,3
upHyGMTf,yiEmlk1hFrMQNv6c,1
