user,item,rating
VmM15sx0,0JFCjVx2P1RMzy3h,1
VmM15sx0,0gDvOWhBgdOzm2wj,1
VmM15sx0,1b6BLIiPUyTT7LRf,5
VmM15sx0,1toAaNoOTyhYBd29,5
VmM15sx0,21xRQm4HWSKM5yKe,2
VmM15sx0,27udEhCzgXgH7kFY,5
VmM15sx0,2yYa9JPBPBzBzWsa,3
VmM15sx0,4UpwP9PI4WRbGpYR,4
VmM15sx0,4bEYOnjuQUC584g9,5
VmM15sx0,5Fmi22MgzsAPvf2z,4
VmM15sx0,5SksLPiE48wxmV4c,4
VmM15sx0,5tNiNntRFkhdOhBU,5
VmM15sx0,623tTPB29dKIBi94,3
VmM15sx0,6Md68c2Ik0FqOT2B,1
VmM15sx0,6O40eTlWJU3vpSdE,2
VmM15sx0,6WKYWbffLLsgoPcv,5
VmM15sx0,6ee9eav5taMmijJk,1
VmM15sx0,7XMPT2ilsOzZ9Hu2,3
VmM15sx0,8m2tSUV1dTvv8cc5,1
VmM15sx0,8p7LqtdZYQPpTZ9u,2
VmM15sx0,8sU8S6MqOFMq5kfB,4
VmM15sx0,8ziLUOqmJsMv2qrN,4
VmM15sx0,91EcJwmIXAoM0S1O,3
VmM15sx0,9YEqyiCdGv6FMjSr,2
VmM15sx0,9mVB6vlJvNK3YXyu,1
VmM15sx0,A6WKiiQIZw9IYihs,1
VmM15sx0,COBV5pQ2EcC0TF1i,1
VmM15sx0,DIyaQEDDWimMwu11,2
VmM15sx0,DJhOaguHwONef4LH,4
VmM15sx0,DhKCbZYHlqM2T895,5
VmM15sx0,EsNmrC0T3pzBIrHT,2
VmM15sx0,FFDgrptgr2z7DV0a,3
VmM15sx0,Fl5KO2u5a0A23AWi,1
VmM15sx0,GVUtDKIEW92CESzD,2
VmM15sx0,HHOq9dhnXEmNLonx,2
VmM15sx0,HZDcNMBLUI1jd4wN,1
VmM15sx0,Hr6wI2IOxu3rlPdP,2
VmM15sx0,IA0hJ6p8W2rn971m,2
VmM15sx0,II0QKoAiQuQwjmcQ,1
VmM15sx0,JdynYyReS4uozX7x,2
VmM15sx0,JwpK2hpJonZYCb19,1
VmM15sx0,KGv7WvE5AueugjCv,3
VmM15sx0,L5rfJXNcnFreP5VW,1
VmM15sx0,LqfLHw7rRoecPE2T,1
VmM15sx0,MuGRV5kxllYWsA6i,4
VmM15sx0,N5cEYvoFSvYKZaKk,3
VmM15sx0,NITCIYaEpdsg6V3i,4
VmM15sx0,O2ivuxUmKzPqKEAc,4
VmM15sx0,ORFSKCyL1iPMpBLY,3
VmM15sx0,OhRR03PHcdR93sT8,4
VmM15sx0,Q6OJ4NZiHiM9c157,5
VmM15sx0,Qic2wieRKvlLQ5H0,1
VmM15sx0,SBBZDINO5H2KOXl6,2
VmM15sx0,TUTEQ0EBBpWWh1SJ,1
VmM15sx0,VnrrHeM6BHEeXfps,3
VmM15sx0,Xxmq28vZQmltmOD7,2
VmM15sx0,Yg43ebOR7HkRQOiJ,1
VmM15sx0,Yo6b9w7j2jP8DFKf,4
VmM15sx0,Z2Y4m2WEvneybS2a,4
VmM15sx0,ZGAFpgdLauP3Ue1E,2
VmM15sx0,ZXM1GSUJ74V7u8bx,5
VmM15sx0,ZzJm2wRfuTVUEHvk,5
VmM15sx0,aIBgGKj2hJ1gDC2m,2
VmM15sx0,b7v8NbTbBpDZ2zTe,2
VmM15sx0,bBtrn6QePv2kvKpm,4
VmM15sx0,bbwJLqOLIv9BFiEI,3
VmM15sx0,cDd2Lvvtd6MqTW93,4
VmM15sx0,cfwgFEaWvfvmKoOE,2
VmM15sx0,d4SaVkHRbQTTTJOk,4
VmM15sx0,dLT5flPygFT19x3Q,4
VmM15sx0,dVWoMnntDwjjwmjk,1
VmM15sx0,eBLRgDKaJhYEQ0e5,4
VmM15sx0,efk3m7mLjMYmcJDi,2
VmM15sx0,fm2HtjbYSGdcZ20q,2
VmM15sx0,g3ERztw8ZG16U4dF,5
VmM15sx0,hfF4M0MNMxRH0WQu,5
VmM15sx0,hfSWWMrnyjk3BsZC,3
VmM15sx0,hm5hFermiMqlEaxS,2
VmM15sx0,imUQPw7W1mYEdFwf,2
VmM15sx0,kFRETZ7eigurRIXr,1
VmM15sx0,kleAytHOJ1iIff6O,1
VmM15sx0,kq00iucnwMNi4csd,1
VmM15sx0,l3Kv8iI9XWiwPKo7,5
VmM15sx0,lUCUyljbQbwG136j,2
VmM15sx0,lw1dL3G2PTrAAoJK,4
VmM15sx0,mHezzbUpItVBRpex,5
VmM15sx0,mOT1v2VX6RiObR9q,4
VmM15sx0,mOzVT2rko9LKSRSa,4
VmM15sx0,mmPeKrdADiQCmpYr,1
VmM15sx0,modmk4rAxvHvhyEh,2
VmM15sx0,nv8ZKMd8RHrZl2jH,1
VmM15sx0,nykhEZPX5B7CyNPN,3
VmM15sx0,oEFhQnrKnWiJBmdL,1
VmM15sx0,oKkfmeATXbtGj3I3,4
VmM15sx0,pPloqUgGAs8dYBi6,2
VmM15sx0,q7M60zJ3feQViHsp,3
VmM15sx0,qHxRTWsJgqc64tHO,5
VmM15sx0,sxlInnCPbLosSGfc,5
VmM15sx0,tKzIHrnT6JdddLim,1
VmM15sx0,tjtCAzDZFRUpxasW,1
VmM15sx0,tqQ8uk39yLlOZ10L,4
VmM15sx0,uJcIahOR13DBFLO8,3
VmM15sx0,uaJ9X7WbKpPBtBK2,1
VmM15sx0,vrCSjIpEjMLnyLdf,5
VmM15sx0,wPS2ka8bK20nl1Yb,4
VmM15sx0,wytAKIkSq1eu1CG1,4
VmM15sx0,yO8XGg7a9UHbqatL,3
VmM15sx0,yluEtk8ofCszXjGu,1
VmM15sx0,zCZPZPUGH2gPeAUd,2
VmM15sx0,zqyjUXqawE8kw737,5
