user,item,rating
a2hJS7DL,0bpZVEEremlamg34,3
a2hJS7DL,0h9w9DWbqzeBO0jK,4
a2hJS7DL,179JydwNW4p8fz0K,1
a2hJS7DL,2H9IYXMXuACFN09g,1
a2hJS7DL,4916jcoIQ6YqJHi6,1
a2hJS7DL,4dLrFNEGRoftWDyn,4
a2hJS7DL,5LWLJExmWd21gbec,4
a2hJS7DL,5VPUhKWEUMlzYHJ4,2
a2hJS7DL,5wfuSvFYUZl7u06R,4
a2hJS7DL,683t4t4GVdgo8SI0,1
a2hJS7DL,6yC9Q7hic3h0omcv,1
a2hJS7DL,7XMPT2ilsOzZ9Hu2,1
a2hJS7DL,7dy2APmK5hauUUY0,4
a2hJS7DL,8ziLUOqmJsMv2qrN,3
a2hJS7DL,93Gqi0kMX4lrrAou,3
a2hJS7DL,9HxqUtU65QdWEy25,4
a2hJS7DL,A5or6vLdJlsaIfk6,4
a2hJS7DL,ABhHHYLgP8EMb0b3,4
a2hJS7DL,AXoLuJtBQIWJHfPO,3
a2hJS7DL,Br3IkHIgYtDMoeZd,4
a2hJS7DL,CIDOFgWh6EGY20DB,2
a2hJS7DL,DMZEQ5GtlrelMWHD,3
a2hJS7DL,DdXbK906LNzp3aAa,2
a2hJS7DL,DfElbQIsjCbdPDoT,2
a2hJS7DL,EAkREOaI2aj27S42,4
a2hJS7DL,EMDckEkjt1frVHsA,4
a2hJS7DL,EONQjXpwums4K249,3
a2hJS7DL,EOuMevkTZOtSZUWH,5
a2hJS7DL,EQn8VJjsDGmuJrnP,2
a2hJS7DL,G8XCNtjuWKexncvI,1
a2hJS7DL,GEwfskjqGc9F2pBz,4
a2hJS7DL,GT91Jcl7MwPEWQHE,3
a2hJS7DL,GVUtDKIEW92CESzD,4
a2hJS7DL,HIwySCVCLwWhP1ay,5
a2hJS7DL,HTGHDZJKQMOLAIgK,4
a2hJS7DL,JdynYyReS4uozX7x,3
a2hJS7DL,JfAE32tryC9sSEFY,2
a2hJS7DL,Jfj9wgSsOwo0ljZ6,2
a2hJS7DL,JxKGBxOx8zP9h9U3,2
a2hJS7DL,LOBvfRN6fesXWPAl,5
a2hJS7DL,LkPM5rbp12h3Sfbu,3
a2hJS7DL,Los7kPMDedCM4Dr6,2
a2hJS7DL,MHNOfFcFLlNMBqzx,1
a2hJS7DL,MQpXsIMHnVJgtoUE,2
a2hJS7DL,MRVLq6F7oeK81G25,2
a2hJS7DL,MaIr0JJQFvLalvZO,2
a2hJS7DL,MvxxUOMx0OT7jkWP,3
a2hJS7DL,NXwZLF4v07MkM1tX,5
a2hJS7DL,OipSSjes647F23T5,2
a2hJS7DL,PTtDhsC3EwGMguF9,3
a2hJS7DL,R4Oe6aeHyNT3QIYI,5
a2hJS7DL,R8a46oYlyKIT5ePa,4
a2hJS7DL,RoHUsyJsKWAidmoN,5
a2hJS7DL,Sto91RjIuJ5ByWOO,2
a2hJS7DL,TaM583BrLN5lJg4A,3
a2hJS7DL,UggxzEDayBCZ5TBE,5
a2hJS7DL,UhIenjo8isevCKvA,1
a2hJS7DL,VTiZwcZ8gF9cm48c,1
a2hJS7DL,Vo8bKCgDCDv7LCRo,4
a2hJS7DL,WrdiPmkdlxdTeLov,1
a2hJS7DL,XI0WfqQaBXL8Mslt,5
a2hJS7DL,YZDkpVqr6gm2KRte,2
a2hJS7DL,YZnt8pN3WoniJcok,4
a2hJS7DL,Yo6b9w7j2jP8DFKf,2
a2hJS7DL,ZGitvnBBUZFtpGOY,4
a2hJS7DL,ZXM1GSUJ74V7u8bx,5
a2hJS7DL,ZhloxfxgS12TbuC6,5
a2hJS7DL,aRs0yyZ33FIzUnXl,5
a2hJS7DL,aSombmbHR2cx9BIb,3
a2hJS7DL,azegJGK2YpBwJ1aZ,5
a2hJS7DL,cVwli3d6mvDghReR,5
a2hJS7DL,dtrJFHbIIqlcX6iK,1
a2hJS7DL,eDNSdkWx99TolFpt,3
a2hJS7DL,fBRRGnGkcMMIDYzK,5
a2hJS7DL,fS1STeLPxKzs3FEH,2
a2hJS7DL,gnjCP3unDH2tgwFz,3
a2hJS7DL,hfF4M0MNMxRH0WQu,2
a2hJS7DL,iDnyd2CyekLlkKhB,1
a2hJS7DL,iDq1WrCla0xQm6oo,5
a2hJS7DL,iHOqDyiCWJd5qTp9,5
a2hJS7DL,j9wpbAFFEuxsqp3O,4
a2hJS7DL,jC8Ugyd5YPVFRsqA,3
a2hJS7DL,jJ9iVZnJmkEagx4H,1
a2hJS7DL,jkOnZW7MZfuLVzCo,1
a2hJS7DL,kVZBIWet79yAZxHr,5
a2hJS7DL,kz8zRR3VUPYRljvA,4
a2hJS7DL,l2IlQXdd6kL3WZn5,4
a2hJS7DL,l2fMyx4EPbc0tLn4,4
a2hJS7DL,mOcKVsCcSssg9Dgc,1
a2hJS7DL,mOzVT2rko9LKSRSa,1
a2hJS7DL,mh4nsad31bZEjY9U,2
a2hJS7DL,nchjaSl6zkDLwSVs,4
a2hJS7DL,obaLpPrgBPTz6ge4,2
a2hJS7DL,pCBrwKkLYSigi43W,5
a2hJS7DL,rGQ28tt8q02Jm931,5
a2hJS7DL,rN9KaZUpDpgF1gq4,1
a2hJS7DL,soVMMowlUzrMb84H,3
a2hJS7DL,tSZPZAGINbYbe3lM,4
a2hJS7DL,tw7yJRG0uBbXHvNq,2
a2hJS7DL,vrCSjIpEjMLnyLdf,2
a2hJS7DL,w1pi1vtSKBxY4MFX,1
a2hJS7DL,wR9fyWCyxI8shW9H,5
a2hJS7DL,yB7zdbBTcFEk00RQ,3
a2hJS7DL,ySHGYLNC7XtywfIZ,2
