user,item,rating
wnqaJvdi,0UBk5kTrMdSOYNWh,2
wnqaJvdi,0kG80toKp2msfAut,5
wnqaJvdi,179JydwNW4p8fz0K,4
wnqaJvdi,19ncR3YXsEh6ecWR,2
wnqaJvdi,1mZAQgMylaoot0TT,2
wnqaJvdi,1pPueOr6iANpdnrz,4
wnqaJvdi,2MuADzavcbzz2LNz,4
wnqaJvdi,2Y3nC28aqeKwXpYx,1
wnqaJvdi,41i1nAdbFhkn0m0O,2
wnqaJvdi,4bEYOnjuQUC584g9,2
wnqaJvdi,55OVO6FBD8pjrLgw,5
wnqaJvdi,5LWLJExmWd21gbec,1
wnqaJvdi,5cuJjBH54J7AnDwH,3
wnqaJvdi,5jdyCFBIYbLOb5O8,1
wnqaJvdi,5mxqTh18jmrwCjkT,5
wnqaJvdi,5vChnp2SNh8dx7kU,1
wnqaJvdi,5wfuSvFYUZl7u06R,3
wnqaJvdi,6X9p87EtBuodfrkG,5
wnqaJvdi,6eIfdbn6UcEVwOl6,2
wnqaJvdi,6oeCVzmk8K7zRq8N,4
wnqaJvdi,8N3MEkjGtYYtXrTk,4
wnqaJvdi,8Q8BKi1LR8FaP66M,2
wnqaJvdi,9OGwJ7VqdVOIRZEN,1
wnqaJvdi,AaxJFPG4zliBX8Iu,1
wnqaJvdi,AbvLmOfaXjQzxWdy,4
wnqaJvdi,B4hWFclmfS1OP7KQ,5
wnqaJvdi,B59m2iG8Hkf2LqgP,5
wnqaJvdi,C2VhsA2eTFAHwzyC,2
wnqaJvdi,C6JYyvKT4otPu3XF,3
wnqaJvdi,COU7Tc1pKJevqLMb,3
wnqaJvdi,CcrqMO4f2Gy22j8f,3
wnqaJvdi,DVG3E12NUO8kyMNW,4
wnqaJvdi,EONQjXpwums4K249,4
wnqaJvdi,EUpFNu0wllbCz4qn,5
wnqaJvdi,En4FMh8gR922RlIx,5
wnqaJvdi,EpTLXzLS9iSD6EAz,3
wnqaJvdi,FFDgrptgr2z7DV0a,2
wnqaJvdi,Fr3CBtFcrazNbRCn,4
wnqaJvdi,G61Gwa2WaxNW4EA9,2
wnqaJvdi,I2McHLPh8RWiRUx3,3
wnqaJvdi,ImbDiRlsGETURkOt,3
wnqaJvdi,JXomYGXZ3a3xEa2G,1
wnqaJvdi,KHMPuRwDVny8IzpW,4
wnqaJvdi,KOA8plo1HJXoKZns,1
wnqaJvdi,KjYiJSXZGumUpZ50,2
wnqaJvdi,L2ir72WmaECOhDGY,3
wnqaJvdi,LhhBNTIeh93wXpuh,1
wnqaJvdi,MpMnhxL3BaL7xHPo,5
wnqaJvdi,Mt1LiKKQmMDIIVpY,2
wnqaJvdi,NXwZLF4v07MkM1tX,1
wnqaJvdi,NsfLaWCd03Dsf2PO,3
wnqaJvdi,ORFSKCyL1iPMpBLY,5
wnqaJvdi,OgoiJlMvwk1zZb8L,5
wnqaJvdi,OhRR03PHcdR93sT8,1
wnqaJvdi,P4cueYcx6POHt6ki,1
wnqaJvdi,PKhgwv5cSK4UK44G,2
wnqaJvdi,QCCZbRPhZuZJDe5D,2
wnqaJvdi,QcPxgstVVzAe1Fy5,3
wnqaJvdi,Qvvhl9Z7rJ0pDTVe,3
wnqaJvdi,R8a46oYlyKIT5ePa,1
wnqaJvdi,RLyjqveXMkmPyUZR,3
wnqaJvdi,T4Z7ohFZbxbh0b6q,1
wnqaJvdi,T5Tl2pUdZ3NNfuwZ,5
wnqaJvdi,UaJ50XHNXbCdm3Dk,4
wnqaJvdi,VwQ7cAySgMH8wYCd,1
wnqaJvdi,YPljtkizeiBEBirm,2
wnqaJvdi,Yf1yyhAJwlr9kWF6,2
wnqaJvdi,ZhLQUe7oxP2RCLte,3
wnqaJvdi,ZnufF1ZwpzTH3ziQ,5
wnqaJvdi,aTHLDWb9k0xnnhdN,4
wnqaJvdi,aVFvn4R1Hws5SW6a,2
wnqaJvdi,aixxRW3cVyCiwPCl,5
wnqaJvdi,aoblyJL4biDGsBa2,5
wnqaJvdi,b6QvfJzYnElEoDvD,1
wnqaJvdi,b8coNXXElLv6Y4Ci,1
wnqaJvdi,bbCvsSgruID1Sb4x,5
wnqaJvdi,boybnc3L50Far2uH,4
wnqaJvdi,cRio8sgQy9aUleDR,1
wnqaJvdi,e9dDsLwwpyjE1FCw,1
wnqaJvdi,fgMrdkydeDHXq2vp,1
wnqaJvdi,g3ERztw8ZG16U4dF,4
wnqaJvdi,hWphlSJTLHd62bCJ,2
wnqaJvdi,hgTR1yQbVgN5c4HB,1
wnqaJvdi,hm5hFermiMqlEaxS,2
wnqaJvdi,io4Y5RuQega8U33y,5
wnqaJvdi,jqCdA7k3ZEpdAx2U,3
wnqaJvdi,kV24Tomalevd3LKx,3
wnqaJvdi,kwnQtsEZ6EWU0Ser,2
wnqaJvdi,lNR8sp1v6Ez5q2cv,2
wnqaJvdi,lUaHuhCzLVTY3Qxg,1
wnqaJvdi,lgxnAEU8CgrlJquL,3
wnqaJvdi,mDwYwdnK83jFIluS,5
wnqaJvdi,mOzVT2rko9LKSRSa,4
wnqaJvdi,mSTxhno9Ih1jT0ze,4
wnqaJvdi,n4mv0XIqF11WWiEl,4
wnqaJvdi,nyD6cLkbBcN6fhuw,4
wnqaJvdi,o5D445pGWetmwqai,2
wnqaJvdi,o9s0OEJ3fO34TKof,4
wnqaJvdi,oEEzeGUC2FlBDeja,5
wnqaJvdi,oKkfmeATXbtGj3I3,1
wnqaJvdi,pFzgl96ORa8k4Xnp,1
wnqaJvdi,pZDa3ZOdQEOmjU1j,5
wnqaJvdi,qDNIRmw42KbfwOdh,4
wnqaJvdi,qWf8Lx2EKpmfVqmI,3
wnqaJvdi,sqkBrzxSrwFR3CRd,5
wnqaJvdi,tOdCg6ZBhNFRORrM,3
wnqaJvdi,uJcIahOR13DBFLO8,4
wnqaJvdi,uc7xnCl1trKECjIF,5
wnqaJvdi,wFu4j5vE7pFMy5Gg,4
wnqaJvdi,wdaqDmrly4My4S6p,5
wnqaJvdi,x3VWT4yeCAOIOpH1,5
wnqaJvdi,yQpAuVaqcdXxb9IN,3
wnqaJvdi,zJFJD8V1L9Cb7J8S,2
wnqaJvdi,zOu5YhhdFdoh6YPO,3
wnqaJvdi,zx4H8asF2iqCtm5N,4
