user,item,rating
7pKrtlAV,0RvVdVcSWzXJb6ME,3
7pKrtlAV,2EOuzH0cG8vKJnWm,2
7pKrtlAV,2xXFEFHstUIZGqRJ,3
7pKrtlAV,3IWBnEilEPXvOCqf,3
7pKrtlAV,3feyTEfizBZiwN2x,2
7pKrtlAV,4eTE85omh9GZkYRN,3
7pKrtlAV,4qBxTihK3xvYQS6r,2
7pKrtlAV,58CEAMQM1bi6CNxL,2
7pKrtlAV,5MRuns1Y8IPyqHMX,2
7pKrtlAV,5NU6OSxpyQQeFTlN,3
7pKrtlAV,5PZEdq2IiuZyjcKs,5
7pKrtlAV,5cbqt7zMVIO9RS4i,2
7pKrtlAV,5cuJjBH54J7AnDwH,2
7pKrtlAV,5jdyCFBIYbLOb5O8,5
7pKrtlAV,5ojsQwt551UqUD6K,1
7pKrtlAV,81WV28kyl7v7L6AI,4
7pKrtlAV,8n9KWNqZkZdlgNoU,4
7pKrtlAV,9C6JailrSZRA6Hz7,5
7pKrtlAV,9OGwJ7VqdVOIRZEN,5
7pKrtlAV,9ZB6CInjWB2RZZNJ,2
7pKrtlAV,ABHgPF8Ms0kK9apY,4
7pKrtlAV,AKwjtIHurJqCMqad,2
7pKrtlAV,BAezlJBZn6xMkHaj,5
7pKrtlAV,Bwsq3MWikEMrj3cK,1
7pKrtlAV,DGBp2Mtwp8Z2affH,5
7pKrtlAV,DHUhgNKRMWgdpqF8,1
7pKrtlAV,EAkREOaI2aj27S42,4
7pKrtlAV,EHzsT1JvkyLeZ8Hh,1
7pKrtlAV,F8ZYFFpPowJjmGNF,1
7pKrtlAV,Hzej1yfxJVlmdV2H,2
7pKrtlAV,JC6dmrQDyHCQoOtU,5
7pKrtlAV,JPz0zG2KdbKCBWPb,4
7pKrtlAV,Jfj9wgSsOwo0ljZ6,2
7pKrtlAV,K7e7RMsbmix80yFo,5
7pKrtlAV,KQPxuaH6G6E4Ta09,1
7pKrtlAV,KUT1Gp5AwbevFlNz,4
7pKrtlAV,LvXF1DB1UQbWkqY3,5
7pKrtlAV,ME5fwFJqaz0mFDZ0,1
7pKrtlAV,MuFcCdGdXz2z6ehz,3
7pKrtlAV,NKPjHk7tEa4xOVPU,3
7pKrtlAV,O8Sp1VAbs0DOYeNl,2
7pKrtlAV,OAeAeoJCAQT5CGcv,5
7pKrtlAV,Om6Z1yQsWYfuSncu,4
7pKrtlAV,PiKd9lEh0hIrK1f7,5
7pKrtlAV,QvVLjpZSuL5ebsyH,3
7pKrtlAV,RjMfLZJenG8FTofI,2
7pKrtlAV,SimheDdVNgGdiwQL,3
7pKrtlAV,Syx5zDUAlxIRU5CP,1
7pKrtlAV,TUTEQ0EBBpWWh1SJ,3
7pKrtlAV,TWxmQgsrzZxfDYFk,3
7pKrtlAV,TaM583BrLN5lJg4A,2
7pKrtlAV,U0Qoe5Fx4dQKs8MR,4
7pKrtlAV,VSFkgMvfeh5R5cAj,4
7pKrtlAV,WbnLK9W0XPqBSOvG,3
7pKrtlAV,WrdiPmkdlxdTeLov,3
7pKrtlAV,Y94jXPg5aX6R9rvI,3
7pKrtlAV,YT9ttxyMOrV6HPje,2
7pKrtlAV,YfLNlOdCap4SMnPP,1
7pKrtlAV,Yg7YJfiybFHndiad,2
7pKrtlAV,YzK6n3GF0TQjnUD0,2
7pKrtlAV,ZGThxk4PWnL19vtZ,5
7pKrtlAV,ZToHFOJ7kqSprv2u,2
7pKrtlAV,Zk56ACR2LmEIdZYr,5
7pKrtlAV,a7R2mY5iSz91dh23,2
7pKrtlAV,acjznWJeL0oMfC1M,5
7pKrtlAV,aww1STRdCwCgANA3,2
7pKrtlAV,b6QvfJzYnElEoDvD,3
7pKrtlAV,bYukAOYS7qiUm21f,4
7pKrtlAV,bjZF6rCt6eiWCJcj,3
7pKrtlAV,cO4WAck7oYweaoFQ,5
7pKrtlAV,cnC2Lp8TGApIaBc7,2
7pKrtlAV,e5I6Xo4Ptv8nvieq,2
7pKrtlAV,eIggpnxCRtccETsH,1
7pKrtlAV,enhlGDp4XsrAkhqo,3
7pKrtlAV,h0QGWSgXCNRgRSLl,2
7pKrtlAV,hYGjDjQwxeRQBDz4,1
7pKrtlAV,i2afLTVe6aVRqa9X,2
7pKrtlAV,iOejOulxIg0Ukxtp,4
7pKrtlAV,jdVDAwC9LkVgSBwP,4
7pKrtlAV,k9Ja684svlNC7JjY,3
7pKrtlAV,k9zSaDBKqwRLkpdZ,1
7pKrtlAV,kj7gHQH44Ywtwvum,3
7pKrtlAV,l3OgLrOCAWCyUA80,5
7pKrtlAV,lgRVGGfnWn02qUse,1
7pKrtlAV,mOcKVsCcSssg9Dgc,4
7pKrtlAV,mesYRWEG97YyVVlY,3
7pKrtlAV,mpHdrxGNCzKYAS6A,5
7pKrtlAV,msgnqV1fPy3h2NGB,5
7pKrtlAV,n04sQwfrD8kdueqR,4
7pKrtlAV,n2b5Az5t3GzfvroQ,1
7pKrtlAV,nyD6cLkbBcN6fhuw,3
7pKrtlAV,obaLpPrgBPTz6ge4,3
7pKrtlAV,pF1Fif486YUHDgNg,3
7pKrtlAV,qDNIRmw42KbfwOdh,2
7pKrtlAV,qFH571j2EXq32jtr,3
7pKrtlAV,qsY4ykJGajqBdQtM,1
7pKrtlAV,rG3j96hFurAzpWqI,5
7pKrtlAV,rGquJjzgEdbIZrnB,2
7pKrtlAV,rYGsT0SLxHKSW32b,2
7pKrtlAV,szkw6jDcB1YUu8xP,2
7pKrtlAV,tgwa0nx69eLC7qM4,4
7pKrtlAV,tqQ8uk39yLlOZ10L,4
7pKrtlAV,u2mNmc4Pt6LhiSt1,4
7pKrtlAV,vWQd1YIHF7a7SIxo,3
7pKrtlAV,woalk9qRFu3Kgixy,5
7pKrtlAV,yZIEM0Pb6Hi5neA9,2
7pKrtlAV,zRdWlN6fsxiJakZa,3
7pKrtlAV,zYNBh92jnL4vjZfg,5
7pKrtlAV,zx4H8asF2iqCtm5N,3
