user,item,rating
Ixx9Mpkr,0cIeo4hY51q7FsSH,5
Ixx9Mpkr,0h9w9DWbqzeBO0jK,2
Ixx9Mpkr,175cEAum4D15hZNS,3
Ixx9Mpkr,1jOHmmQ0bTPp6Z2s,5
Ixx9Mpkr,36tBs5Z7X5Wn7jOG,1
Ixx9Mpkr,3Jv90YqmCTy3A9Pm,5
Ixx9Mpkr,41ZKJShIcvWmZfee,3
Ixx9Mpkr,4bEYOnjuQUC584g9,3
Ixx9Mpkr,5NU6OSxpyQQeFTlN,1
Ixx9Mpkr,5zJh9TmOnlaM5UmJ,2
Ixx9Mpkr,6qZePfWoiYPE4ZIT,1
Ixx9Mpkr,7sOtthLiep8pHexm,4
Ixx9Mpkr,9RLGJBGRez1kPx5I,2
Ixx9Mpkr,9uecWP5KlLCPSc4U,1
Ixx9Mpkr,A4sZlTBR2kJsUUNa,2
Ixx9Mpkr,AA7nNbFyGhpbgi5g,3
Ixx9Mpkr,AdoR8DN2g4f1Ll4S,2
Ixx9Mpkr,DtdD1V9OUuiy2S56,2
Ixx9Mpkr,DuN6IWoplZ2UHzuv,2
Ixx9Mpkr,ES6BldgFEWOxDY0L,5
Ixx9Mpkr,EgtveATqtcCa4GJP,3
Ixx9Mpkr,FHWpq0UyaLmKkgVf,1
Ixx9Mpkr,FjpNJ0kAJk4qqc1Z,5
Ixx9Mpkr,Fr3CBtFcrazNbRCn,1
Ixx9Mpkr,JClE0G6e6Gf7ZJaI,3
Ixx9Mpkr,JPz0zG2KdbKCBWPb,2
Ixx9Mpkr,Jjb7D3KbKGG0IS8g,4
Ixx9Mpkr,KJljZ6O8xTqY4sDm,3
Ixx9Mpkr,L2ir72WmaECOhDGY,2
Ixx9Mpkr,LhhBNTIeh93wXpuh,3
Ixx9Mpkr,M2JWwkHNlXHX6gx8,1
Ixx9Mpkr,MvxxUOMx0OT7jkWP,5
Ixx9Mpkr,NITCIYaEpdsg6V3i,5
Ixx9Mpkr,NsGmu4Y5ko1G2QMT,4
Ixx9Mpkr,PoWmmitiO4AWwFmH,4
Ixx9Mpkr,Q3AmezjGNldS2z98,1
Ixx9Mpkr,QQXVeT00K3HKBcOS,3
Ixx9Mpkr,QsIsMxsPfFF4EENh,4
Ixx9Mpkr,QvVLjpZSuL5ebsyH,4
Ixx9Mpkr,RUS87xWILYJ9YfhZ,2
Ixx9Mpkr,SBNTfG8AfNeDW6ZP,1
Ixx9Mpkr,SOGbCqrtSXmk0sjU,2
Ixx9Mpkr,TOzCwpynsWhPJKj5,5
Ixx9Mpkr,Tiu13Dl2ObIPao1I,2
Ixx9Mpkr,UKExFSv6MldY2HUj,2
Ixx9Mpkr,UYyNJQyT7AwIQ0p4,3
Ixx9Mpkr,UdFwtvKXDYXMxnUU,1
Ixx9Mpkr,UhIenjo8isevCKvA,1
Ixx9Mpkr,VGl8Noz6xbkWsZ4u,1
Ixx9Mpkr,Vj689I2ztgrsbvVx,5
Ixx9Mpkr,VpzBxgYp8whhyVlW,1
Ixx9Mpkr,XQ8cFjSQwnw4twWS,2
Ixx9Mpkr,Xjx72ktHpIRU67wR,5
Ixx9Mpkr,XjyippoaOAGK8I1e,4
Ixx9Mpkr,ZGitvnBBUZFtpGOY,2
Ixx9Mpkr,Zk56ACR2LmEIdZYr,3
Ixx9Mpkr,a7R2mY5iSz91dh23,4
Ixx9Mpkr,aRs0yyZ33FIzUnXl,3
Ixx9Mpkr,b6QvfJzYnElEoDvD,4
Ixx9Mpkr,bXaCjakwxLrROVFm,3
Ixx9Mpkr,c7FYy6Ob03azIX6l,5
Ixx9Mpkr,cx0ujWY7hT2CJhs1,5
Ixx9Mpkr,e8mYKX4YRIUH2Jfp,1
Ixx9Mpkr,e9dDsLwwpyjE1FCw,4
Ixx9Mpkr,eIKwYmuffouV7bqD,5
Ixx9Mpkr,elM4ILjtBDTsAEee,5
Ixx9Mpkr,foVXdkBTKxr4stHS,5
Ixx9Mpkr,gD1oquIqRkUrzIs0,3
Ixx9Mpkr,gEzI9Hn3FyiJL5qc,5
Ixx9Mpkr,gJeOVeJXXPzxELjJ,4
Ixx9Mpkr,hfSWWMrnyjk3BsZC,4
Ixx9Mpkr,igjzSX9sBrtFXsoK,3
Ixx9Mpkr,juI1EH5bEdpvSNUh,1
Ixx9Mpkr,koXxcuL8VVpban3A,1
Ixx9Mpkr,kuVAdTzPZT0FYrtY,5
Ixx9Mpkr,l6qyD6pSVp39D1PV,3
Ixx9Mpkr,lWTx6HDr24uHQa6W,3
Ixx9Mpkr,leqz2LOOPAiI8isE,2
Ixx9Mpkr,mMuHUSM73nR2fyaU,5
Ixx9Mpkr,marDwBg9tUynEoH1,3
Ixx9Mpkr,nMkPj7XAnTQTmyKK,1
Ixx9Mpkr,o6hwShjHiPDH5HWr,1
Ixx9Mpkr,o9s0OEJ3fO34TKof,1
Ixx9Mpkr,oEFhQnrKnWiJBmdL,3
Ixx9Mpkr,pArMy90sntfONFyX,1
Ixx9Mpkr,puI1j79YvQV7ht4w,5
Ixx9Mpkr,rADzrozeTDOCftdM,3
Ixx9Mpkr,rIWQ5DPSjSYJn3oa,3
Ixx9Mpkr,rLW9Eg9L0h8iIwsM,1
Ixx9Mpkr,rmjsCwXnOxLUkpvF,1
Ixx9Mpkr,sfbIvZeiJWmHEuUn,1
Ixx9Mpkr,tScMy5ZLmBXb9iXt,3
Ixx9Mpkr,tsKDH6yK824X4Z1z,4
Ixx9Mpkr,uaJ9X7WbKpPBtBK2,1
Ixx9Mpkr,vC3yPwwDJ5hlwFMC,2
Ixx9Mpkr,vvAAusdvghR56n8Y,1
Ixx9Mpkr,wN8YPrJls7N3vGjC,4
Ixx9Mpkr,wR9fyWCyxI8shW9H,3
Ixx9Mpkr,wxeK2DFYOtBumJzo,3
Ixx9Mpkr,xLCs9KlFgMM41nLx,1
Ixx9Mpkr,xhXJiIYZIGK5TaaU,3
Ixx9Mpkr,yCMf5fHNmaMOVa9j,2
Ixx9Mpkr,ylpSOCwl2VBxg5S7,5
Ixx9Mpkr,zjUf2ECVrSxzeCGX,1
