user,item,rating
Y2CysUMK,00e9Kq1Q7pnHf4uy,3
Y2CysUMK,1TKqry8YHwbPn3GV,4
Y2CysUMK,2H9IYXMXuACFN09g,4
Y2CysUMK,2aPdk9wcYCmw45RB,4
Y2CysUMK,3RWRHrHGmSo0TzzF,4
Y2CysUMK,40XpTEPp5VaaVT2Q,1
Y2CysUMK,44MFrPTsqVRkWqyy,3
Y2CysUMK,46227weCVdlV6DNH,3
Y2CysUMK,4dLrFNEGRoftWDyn,2
Y2CysUMK,4pSa43t4ZAyR6twW,5
Y2CysUMK,5CPrwZX49kH6wNql,5
Y2CysUMK,5VPUhKWEUMlzYHJ4,4
Y2CysUMK,683t4t4GVdgo8SI0,2
Y2CysUMK,69uXGUvaM9nbRErr,2
Y2CysUMK,6eIfdbn6UcEVwOl6,2
Y2CysUMK,6tUs31Vwnw22MakT,3
Y2CysUMK,8h9SvtDVZxvJPtMN,2
Y2CysUMK,9mVB6vlJvNK3YXyu,3
Y2CysUMK,BAezlJBZn6xMkHaj,2
Y2CysUMK,Daw4iPH5Zgs8Hs3i,2
Y2CysUMK,E11DeRjaImszYlpi,5
Y2CysUMK,EH8pKi46VKOgNN92,3
Y2CysUMK,EnI33pRNKsvAmlvg,1
Y2CysUMK,F8ZYFFpPowJjmGNF,4
Y2CysUMK,Fl5KO2u5a0A23AWi,4
Y2CysUMK,Fr3CBtFcrazNbRCn,4
Y2CysUMK,GcgyQHLpN36dl9Tr,2
Y2CysUMK,GzGPhPL7hTclBzHM,5
Y2CysUMK,ISpS8bpaIM28JB0M,4
Y2CysUMK,Irps23svSITgGU6k,5
Y2CysUMK,IyjJMLOxmlBKpTTC,1
Y2CysUMK,JS59CCKxxOPZjx8H,3
Y2CysUMK,JdynYyReS4uozX7x,4
Y2CysUMK,JgvFNv9dabS79n2z,4
Y2CysUMK,KkyFDb4qkD3aWk7h,5
Y2CysUMK,LE8yWqIwppXP4L35,5
Y2CysUMK,MQpXsIMHnVJgtoUE,3
Y2CysUMK,MgXVGz2vOOoi9ToI,1
Y2CysUMK,MpMnhxL3BaL7xHPo,2
Y2CysUMK,MzUejuWST6dbegMG,4
Y2CysUMK,NN9QaCIVMOPIQd3p,2
Y2CysUMK,Ng1aHlmscdMq4O7r,3
Y2CysUMK,NsGmu4Y5ko1G2QMT,4
Y2CysUMK,NyhpY9Vt0EoMqGuo,5
Y2CysUMK,OAeAeoJCAQT5CGcv,2
Y2CysUMK,OSgaj9lq6ofQf75w,3
Y2CysUMK,P818vUtI4P1peyoz,1
Y2CysUMK,PJHrrwPHgSnmNWnV,1
Y2CysUMK,PeAF3iKJyOuqMkFo,3
Y2CysUMK,QcPxgstVVzAe1Fy5,3
Y2CysUMK,QiLJqv5Na3XvVDi4,2
Y2CysUMK,RcdZzdp0UAf9hyTw,4
Y2CysUMK,RqpUx3WHo8eRCvAr,3
Y2CysUMK,Rx5WxhOXYgcPuxPp,4
Y2CysUMK,S3UscvzowuLlSnb9,5
Y2CysUMK,T4Z7ohFZbxbh0b6q,1
Y2CysUMK,TjS2EwpiZB4TyHcZ,2
Y2CysUMK,UIR5jVyvmZgenRcy,2
Y2CysUMK,UdFwtvKXDYXMxnUU,5
Y2CysUMK,UePeejDIbc24wgqR,4
Y2CysUMK,Uy1DXLHQd3iSfS4c,1
Y2CysUMK,WJ2O1I95Wyl5uM1C,4
Y2CysUMK,Wni6R8Xy7XQTQg3o,1
Y2CysUMK,X6H2kTtRr5DNVccH,1
Y2CysUMK,XGmGelJqBc9l12LH,3
Y2CysUMK,XbM6UACXyGO2u0b7,2
Y2CysUMK,Xjx72ktHpIRU67wR,1
Y2CysUMK,XjyippoaOAGK8I1e,5
Y2CysUMK,Y396iBPUfD2y5K0N,4
Y2CysUMK,Y3gdPcgqQznS6F48,1
Y2CysUMK,YjCGvhAGT6xUDVwV,5
Y2CysUMK,Z8aFmq7bG26mqOCt,4
Y2CysUMK,a4v6JiqP2JAgi6Zj,1
Y2CysUMK,aJUr2MnhPRB5xQnR,5
Y2CysUMK,b7v8NbTbBpDZ2zTe,5
Y2CysUMK,bbCvsSgruID1Sb4x,4
Y2CysUMK,cnC2Lp8TGApIaBc7,5
Y2CysUMK,dCBQ9j2Y3K8Wk2Ah,3
Y2CysUMK,ddah8qpVeYPI3vmy,1
Y2CysUMK,eWvA1495aQ8m4N6I,2
Y2CysUMK,fG7FL1Zs68Km4O6U,1
Y2CysUMK,fS1STeLPxKzs3FEH,5
Y2CysUMK,fZip3wQdatugNVGP,1
Y2CysUMK,gJPTwMKz2SDAiL8G,3
Y2CysUMK,hYGjDjQwxeRQBDz4,1
Y2CysUMK,iOMQ4yMKtHVhJfMy,4
Y2CysUMK,ifCOovat1FMuQ2oN,5
Y2CysUMK,inR4Z44OIUD28YPU,2
Y2CysUMK,jMDigLO8FUGSuQfd,4
Y2CysUMK,jmErEHO7UyZRfu8J,4
Y2CysUMK,k9zSaDBKqwRLkpdZ,3
Y2CysUMK,kVoYJOdz1MWccDa3,5
Y2CysUMK,kem0hGvaGfzoig7A,1
Y2CysUMK,lj3tH1FWcgxFdZNV,3
Y2CysUMK,marDwBg9tUynEoH1,4
Y2CysUMK,n4mv0XIqF11WWiEl,4
Y2CysUMK,nB5G1oDOZtxwkZeo,4
Y2CysUMK,nv8ZKMd8RHrZl2jH,2
Y2CysUMK,nvN8uKcYEV5YGgiE,5
Y2CysUMK,oU6T9MA9bRBSUE4s,5
Y2CysUMK,qBjVRPoxfitt4xNE,5
Y2CysUMK,qFH571j2EXq32jtr,1
Y2CysUMK,qFkBuzGqsls5a4UQ,4
Y2CysUMK,qJVbvzZcgkAWCksG,3
Y2CysUMK,r4ysb94YTr46yCTO,1
Y2CysUMK,rmjsCwXnOxLUkpvF,3
Y2CysUMK,sUAdEVH3OlAnOzp1,3
Y2CysUMK,t1acaDLcy0mMlOJ1,3
Y2CysUMK,tG1OmPUcAPzxbd5S,2
Y2CysUMK,tdmSKNwkcdI6Exoc,3
Y2CysUMK,vC3yPwwDJ5hlwFMC,3
Y2CysUMK,vvAAusdvghR56n8Y,3
Y2CysUMK,w1xexPjPSZeR2Eee,3
Y2CysUMK,wMmkJF9CFYowoKfR,5
Y2CysUMK,wPM2KdqZfVoFeJCu,5
Y2CysUMK,wPS2ka8bK20nl1Yb,4
Y2CysUMK,xDzjzT6K85plP2Rp,2
Y2CysUMK,xMhVyZU8C8Yy9dWc,1
Y2CysUMK,zQwE4Sw7CPIvXJgA,2
