user,item,rating
qAt4ynFw,0bDQ4qUD8e9U4vg7,5
qAt4ynFw,1RcU5LuNtp07ejr2,2
qAt4ynFw,1yDUe7fCQl5x3xLU,1
qAt4ynFw,27udEhCzgXgH7kFY,5
qAt4ynFw,2aPdk9wcYCmw45RB,5
qAt4ynFw,2yYa9JPBPBzBzWsa,2
qAt4ynFw,3H09EnDDFksTHQbC,3
qAt4ynFw,3Wo5lbdktkwoA8F4,1
qAt4ynFw,3uzxJmF98k6CdlLn,1
qAt4ynFw,4zW0YjUCv8LxjIOY,4
qAt4ynFw,5FG4Iwu0pp78rKza,3
qAt4ynFw,5bA95VW2dLskktq0,5
qAt4ynFw,6X9p87EtBuodfrkG,2
qAt4ynFw,6dXLifXK5LrvtdV1,4
qAt4ynFw,7Bco0B4GzOWDdNbu,1
qAt4ynFw,7ErYD5OJKsJLDPEt,4
qAt4ynFw,7XMPT2ilsOzZ9Hu2,2
qAt4ynFw,7dy2APmK5hauUUY0,1
qAt4ynFw,7sKKpqboWndAi2Ra,4
qAt4ynFw,81WV28kyl7v7L6AI,2
qAt4ynFw,8VqEpGdGOhxSQmVp,2
qAt4ynFw,9OGwJ7VqdVOIRZEN,3
qAt4ynFw,ANLUt6PwNcsHYoUj,1
qAt4ynFw,AQdKnqIrQJXsKcIX,2
qAt4ynFw,Ag4vwfyLZvEPGMoD,4
qAt4ynFw,B6pmykIzH9a25lFk,2
qAt4ynFw,DHUhgNKRMWgdpqF8,5
qAt4ynFw,DLImItJgiztdp5fm,3
qAt4ynFw,DlgVzzHM4NnojEm2,2
qAt4ynFw,EH8pKi46VKOgNN92,5
qAt4ynFw,EM6SuSRJHnSSlWqh,5
qAt4ynFw,FqQYF7mzwqe45V5G,1
qAt4ynFw,Ggl7BLziaqY7EN0j,3
qAt4ynFw,HK8MmczkN6tcLz0h,1
qAt4ynFw,HzHVEMIHPIZc0Dno,1
qAt4ynFw,IRp2OoIusVWGBYJv,4
qAt4ynFw,JBw0wI6ebRzPHcgZ,4
qAt4ynFw,Jj0FjSolcoCHLmTx,2
qAt4ynFw,KQcxioncFdpSLIxa,5
qAt4ynFw,KaUaU7Ox8Iz735GL,3
qAt4ynFw,L2ir72WmaECOhDGY,2
qAt4ynFw,M4o2Seh2jntOV7Zi,3
qAt4ynFw,MaIr0JJQFvLalvZO,2
qAt4ynFw,NITCIYaEpdsg6V3i,5
qAt4ynFw,NmJG1q6SevdC7mYo,3
qAt4ynFw,OpJ3jrmMYbjycG1z,1
qAt4ynFw,PuEPyKrkf7MRcfbI,1
qAt4ynFw,QrzNugXjGOTMM1JD,4
qAt4ynFw,RM6rnFxRbzd3PGnf,1
qAt4ynFw,RXEcYx3PMZ7dpUfD,1
qAt4ynFw,Rwwo9fBceKWzS8dV,2
qAt4ynFw,SOsIS7Qx85Pxtufn,2
qAt4ynFw,UJLak7EatGWpnS1X,5
qAt4ynFw,UKExFSv6MldY2HUj,2
qAt4ynFw,UggxzEDayBCZ5TBE,1
qAt4ynFw,VdTOBLuTVihRSNfw,2
qAt4ynFw,VmvdqTgUPkKF0Zdl,5
qAt4ynFw,VwQ7cAySgMH8wYCd,5
qAt4ynFw,Wf2mx1jTosaGSwmN,1
qAt4ynFw,ajtjTephnllSScg1,5
qAt4ynFw,bWwjZik0c8YRNdgx,4
qAt4ynFw,bk9SuEHNSeVqmGNH,4
qAt4ynFw,brQn3OEH2Zvbn28x,2
qAt4ynFw,cHGQoOHQVyBnmsFc,2
qAt4ynFw,eCefdryGnG2IConf,2
qAt4ynFw,eg38b2P9cAS6M0ny,3
qAt4ynFw,fIPobLfT3o9nw2o1,5
qAt4ynFw,fpfekqJ0uEpeq9x8,4
qAt4ynFw,hSj34vvwmC9d13IU,5
qAt4ynFw,hfF4M0MNMxRH0WQu,5
qAt4ynFw,iHl3UNzDKX1L55OF,3
qAt4ynFw,jdVDAwC9LkVgSBwP,1
qAt4ynFw,kFRETZ7eigurRIXr,3
qAt4ynFw,kZckeYhY9lI7GZU9,1
qAt4ynFw,keCWF4f7yCW6c2F1,5
qAt4ynFw,kq00iucnwMNi4csd,5
qAt4ynFw,kzxJOQb23wd2c0a3,3
qAt4ynFw,l3OgLrOCAWCyUA80,3
qAt4ynFw,lj3tH1FWcgxFdZNV,5
qAt4ynFw,lurs84UX4CompAq2,4
qAt4ynFw,lytVFlZnDQphaPg0,5
qAt4ynFw,mXZPZ3UpEev9DcqJ,2
qAt4ynFw,mmPeKrdADiQCmpYr,4
qAt4ynFw,n2b5Az5t3GzfvroQ,5
qAt4ynFw,n4mv0XIqF11WWiEl,1
qAt4ynFw,nB5G1oDOZtxwkZeo,4
qAt4ynFw,oCTbwlwVdbb3F7n6,5
qAt4ynFw,obaLpPrgBPTz6ge4,1
qAt4ynFw,pZDa3ZOdQEOmjU1j,4
qAt4ynFw,pdrqRPoDGeXYhgfH,3
qAt4ynFw,r4ysb94YTr46yCTO,5
qAt4ynFw,sfbIvZeiJWmHEuUn,1
qAt4ynFw,snGkQBS91oW8J8aK,1
qAt4ynFw,szkw6jDcB1YUu8xP,4
qAt4ynFw,t9SG6Icn47uCVQkP,1
qAt4ynFw,tG1OmPUcAPzxbd5S,3
qAt4ynFw,tbVdg48Ny82dKDn4,4
qAt4ynFw,tmMtubirDgegtK5l,1
qAt4ynFw,toxOul28w8OTkv5L,3
qAt4ynFw,tudVyS45BVCDy73U,4
qAt4ynFw,uBCceXI3rqu9ZxIi,1
qAt4ynFw,v1H4lwJKrmLJpY0m,3
qAt4ynFw,vFF5xaZWs28cCJoG,2
qAt4ynFw,vwacFlzbbWekKATO,2
qAt4ynFw,woalk9qRFu3Kgixy,4
qAt4ynFw,xQaQyeAg4ll7EFdC,1
qAt4ynFw,y5kreBVQHDNDkopG,4
qAt4ynFw,ySHGYLNC7XtywfIZ,1
qAt4ynFw,yV6X2ilZ5uqFAoQF,2
qAt4ynFw,yrBlo2pXetZM89fm,2
qAt4ynFw,z3mosPYPXpwICX78,1
qAt4ynFw,zJnhU7eWQbktqIrm,5
