user,item,rating
2lu1njdN,0vp5PmkfqCasMeGu,1
2lu1njdN,0xMrQekasq6qJdHZ,2
2lu1njdN,3FmIqi5FARcNMezR,1
2lu1njdN,3HvfvePcZG4sS35b,4
2lu1njdN,44MFrPTsqVRkWqyy,5
2lu1njdN,5ARdMBRA5cQWlCQZ,4
2lu1njdN,5pmnpnGWfPgzz9Iy,5
2lu1njdN,6Md68c2Ik0FqOT2B,2
2lu1njdN,6TYmHPIfccg3XbpP,4
2lu1njdN,6WKYWbffLLsgoPcv,2
2lu1njdN,6YPuZxQMCg8JIHlu,3
2lu1njdN,6oeCVzmk8K7zRq8N,4
2lu1njdN,6qEnOkX9a9WKPC7T,3
2lu1njdN,7fRAgXBV0FsAlHlO,2
2lu1njdN,8N3MEkjGtYYtXrTk,1
2lu1njdN,A5or6vLdJlsaIfk6,4
2lu1njdN,AGzC0eBwBXDm9DVJ,5
2lu1njdN,B25VMvNbXYqv88EI,2
2lu1njdN,Bnhw3CsBXwTOvlb3,5
2lu1njdN,COBV5pQ2EcC0TF1i,5
2lu1njdN,DbM6msZK7D5LJ25j,4
2lu1njdN,EAkREOaI2aj27S42,5
2lu1njdN,EONQjXpwums4K249,1
2lu1njdN,F6Osimob6Ie8JlPo,1
2lu1njdN,FHH9RA9TNF3ohll4,1
2lu1njdN,FTUKtTwfMHlmX3yQ,1
2lu1njdN,G8XCNtjuWKexncvI,4
2lu1njdN,GUGKCwkbIhs0LcS2,5
2lu1njdN,IClnrbDw4bTFh6Jv,5
2lu1njdN,IUlZ4eko9lIpr18n,5
2lu1njdN,Irps23svSITgGU6k,2
2lu1njdN,J5zaw5zK3SDsHj7a,2
2lu1njdN,JClE0G6e6Gf7ZJaI,1
2lu1njdN,JxKGBxOx8zP9h9U3,3
2lu1njdN,KEE62fjfItJ5Pyap,4
2lu1njdN,L5rfJXNcnFreP5VW,1
2lu1njdN,LNAQEAAjFSOE76Ai,1
2lu1njdN,LqfLHw7rRoecPE2T,5
2lu1njdN,MTf0LntduRjl6qCt,2
2lu1njdN,MvxxUOMx0OT7jkWP,3
2lu1njdN,MzUejuWST6dbegMG,2
2lu1njdN,NXOBoXtbDyOc8JZ7,5
2lu1njdN,NXwZLF4v07MkM1tX,1
2lu1njdN,NeZNXvals0TSagn3,5
2lu1njdN,OL3Bv6sPOeGyZaw8,4
2lu1njdN,P18luefSwi2JsOAB,4
2lu1njdN,PTtDhsC3EwGMguF9,2
2lu1njdN,QBnISJZ7UxHQesDK,3
2lu1njdN,QPNFUvUrOGF1wgBk,2
2lu1njdN,QrzNugXjGOTMM1JD,1
2lu1njdN,QvVLjpZSuL5ebsyH,5
2lu1njdN,R8a46oYlyKIT5ePa,4
2lu1njdN,RIqs4H3pnL9x6Nz2,5
2lu1njdN,SOsIS7Qx85Pxtufn,5
2lu1njdN,StBA0LZN9G0w8udT,1
2lu1njdN,TUTEQ0EBBpWWh1SJ,4
2lu1njdN,TrTCjyTfBBONHLSZ,1
2lu1njdN,TrfFP96gtqMBXOBE,2
2lu1njdN,UggxzEDayBCZ5TBE,2
2lu1njdN,VqQ6Q5viXQ67wDjp,3
2lu1njdN,WIJ5o35JEcH7nKph,5
2lu1njdN,Wni6R8Xy7XQTQg3o,5
2lu1njdN,WrEHd963QgfkBQZR,3
2lu1njdN,WveeIxtlzs40j1fj,3
2lu1njdN,Wx4lM6DU2VOcKz8M,3
2lu1njdN,XKE9AZPmce1kbNas,5
2lu1njdN,XjyippoaOAGK8I1e,1
2lu1njdN,Y5C8Rgqel23m3g9H,3
2lu1njdN,Yg7YJfiybFHndiad,3
2lu1njdN,Z5QE95CRh6C5vpCo,1
2lu1njdN,bAk15Ic9Ov0QzL6g,3
2lu1njdN,bJIDxAULfQMjw1In,5
2lu1njdN,bYukAOYS7qiUm21f,4
2lu1njdN,brQn3OEH2Zvbn28x,5
2lu1njdN,ce5QyFPuYjjei1uq,3
2lu1njdN,ciPP52CRFHr9ZjDP,4
2lu1njdN,dTQioyHjhqPj1jfQ,4
2lu1njdN,dxN5hzhRn7VKqkqu,1
2lu1njdN,eDNSdkWx99TolFpt,1
2lu1njdN,ebBOuRa0K355XmsH,4
2lu1njdN,eg38b2P9cAS6M0ny,4
2lu1njdN,esloc4LXx1EC04SC,1
2lu1njdN,fgMrdkydeDHXq2vp,5
2lu1njdN,fs1ZjMT622zZzuDa,2
2lu1njdN,hMWzWdNcnaFJfVgV,1
2lu1njdN,i261ajEqUnUlZk9U,4
2lu1njdN,jiPEvUsxm3cnfkZG,3
2lu1njdN,jnfiOrNwIba7KmfR,3
2lu1njdN,kVoYJOdz1MWccDa3,3
2lu1njdN,kYdMa6xqOhErHboh,2
2lu1njdN,kcXDCfgCBCiJyDCF,5
2lu1njdN,kz8zRR3VUPYRljvA,5
2lu1njdN,lWTx6HDr24uHQa6W,5
2lu1njdN,lgNkSTloOYKNxglp,2
2lu1njdN,lgRVGGfnWn02qUse,3
2lu1njdN,mhvJRUqFMcUcvKT0,2
2lu1njdN,o5D445pGWetmwqai,5
2lu1njdN,o6hwShjHiPDH5HWr,3
2lu1njdN,p9Ho1rXku6oWqUUw,1
2lu1njdN,pVN36WMsjuqxjxcb,5
2lu1njdN,pnNqua0aPyrE8edm,3
2lu1njdN,puWC8pS66HFcLpPU,2
2lu1njdN,q6AnuXiw36i5yxQG,4
2lu1njdN,qDKtY6q3tkZkvmnj,4
2lu1njdN,qUwroyrJiXtcnSO8,4
2lu1njdN,qqMrPGxZELJ8kMbx,2
2lu1njdN,qrZDW0ynYzzL8Zg5,3
2lu1njdN,rGquJjzgEdbIZrnB,2
2lu1njdN,t9ZFC8lCATNXDNmV,4
2lu1njdN,toxOul28w8OTkv5L,5
2lu1njdN,u6QvATWZ8X3ZDuED,4
2lu1njdN,uO8gXBGBsCJYyT3v,2
2lu1njdN,vx3MDYR6EibvH2t1,3
2lu1njdN,w8crOpjyfpJMhO0Y,4
2lu1njdN,wN8YPrJls7N3vGjC,4
2lu1njdN,weP9txVTCof2LLpq,2
2lu1njdN,xmt2nBjSpA8j6Za3,5
