user,item,rating
IehGkey7,00632Dm0mzMGQoD0,1
IehGkey7,3YpcsrbjZVgtEsVc,5
IehGkey7,4916jcoIQ6YqJHi6,5
IehGkey7,52ii4a2WbHgGfohg,2
IehGkey7,5XSrSdrXmP9aJoeD,4
IehGkey7,6MsUdNDIrBdQXrh3,2
IehGkey7,7T78lr3KG8xipMqE,2
IehGkey7,7zvUP5tfTlGLjArc,5
IehGkey7,8qM3wXbSS4argbAS,5
IehGkey7,8v2Yw9kIVqyQ0wy9,5
IehGkey7,9c95jC3cHPLWKNzZ,1
IehGkey7,A6WKiiQIZw9IYihs,2
IehGkey7,AIgJkLjAWFsjryh1,4
IehGkey7,AULxStFEDQpXjqnO,1
IehGkey7,Bnhw3CsBXwTOvlb3,4
IehGkey7,Cdi3xJPtLsWXTz9A,4
IehGkey7,CoahGAxsZn0qmJfi,1
IehGkey7,CrLwErqXg29AoyU3,1
IehGkey7,DESw6TEsvTIkhG2A,5
IehGkey7,DHMHfxcVyaOcoxQR,4
IehGkey7,EAkREOaI2aj27S42,3
IehGkey7,EONQjXpwums4K249,4
IehGkey7,FiTkLsyLYsz2JlzN,5
IehGkey7,Fr3CBtFcrazNbRCn,2
IehGkey7,GC9xbMk2c5VQOmny,5
IehGkey7,GEwfskjqGc9F2pBz,3
IehGkey7,GzGPhPL7hTclBzHM,2
IehGkey7,HERPWc0dhPmmFoYy,2
IehGkey7,HTGHDZJKQMOLAIgK,1
IehGkey7,Iew7dl29nzd7ArMW,2
IehGkey7,KQPxuaH6G6E4Ta09,2
IehGkey7,KRCZve4rxUeSavO7,4
IehGkey7,KZbC6AnR5Lfy95y1,2
IehGkey7,LEaJGUUCt7bmTg35,2
IehGkey7,LqIY6z1Klw0ps60X,2
IehGkey7,Lxo28df37Qcy3lSI,3
IehGkey7,M7C5576TQqyA4s9S,4
IehGkey7,MQpXsIMHnVJgtoUE,2
IehGkey7,MQpgF21bmp7UKODf,5
IehGkey7,MWTEAh6euAmSRKMF,5
IehGkey7,MzUejuWST6dbegMG,3
IehGkey7,NDkMn5GRoqyaIF41,4
IehGkey7,Npfyua8IBnR8tSFR,2
IehGkey7,NsfLaWCd03Dsf2PO,5
IehGkey7,OFXdIKsqfJbRFKdw,1
IehGkey7,OSgaj9lq6ofQf75w,5
IehGkey7,Om6Z1yQsWYfuSncu,5
IehGkey7,OpJ3jrmMYbjycG1z,1
IehGkey7,P4cueYcx6POHt6ki,5
IehGkey7,P5L7ypB6rlrOXsYo,5
IehGkey7,PJMyeEftB3oy6PNF,1
IehGkey7,PsOSy8wTpa4TOqBj,1
IehGkey7,PwswUIyMq54InB5O,5
IehGkey7,Q6GMcbCzKZBsxfEV,2
IehGkey7,QCCZbRPhZuZJDe5D,2
IehGkey7,QcPxgstVVzAe1Fy5,3
IehGkey7,QmeNsBnMto1tPHur,4
IehGkey7,RLyjqveXMkmPyUZR,3
IehGkey7,RaxieW7liJDpcgj9,2
IehGkey7,SGPjap7SdR5MJrRq,5
IehGkey7,Sop1LT6bOM9j70KD,1
IehGkey7,UIR5jVyvmZgenRcy,3
IehGkey7,UOS0OSjtkR52b3YB,3
IehGkey7,XFgoLSNvmLCtkiQ5,1
IehGkey7,XX3Or77LnOWBMVnF,4
IehGkey7,XjyippoaOAGK8I1e,3
IehGkey7,XvvXt9UHQPjgRmvj,1
IehGkey7,XyMnX4VA0tvF39yB,4
IehGkey7,Y3gdPcgqQznS6F48,5
IehGkey7,ZEjZ4j3tVNzFNRDH,3
IehGkey7,aQW6EzdGU0sAccjC,5
IehGkey7,aSombmbHR2cx9BIb,3
IehGkey7,aevJUIMKb8dNN0Kf,2
IehGkey7,b8coNXXElLv6Y4Ci,2
IehGkey7,bjZF6rCt6eiWCJcj,5
IehGkey7,brQn3OEH2Zvbn28x,3
IehGkey7,bz0HZEvrW8JvdJp4,4
IehGkey7,cPTvsFsGfYI5RdYh,1
IehGkey7,cfwgFEaWvfvmKoOE,3
IehGkey7,eg38b2P9cAS6M0ny,2
IehGkey7,fIPobLfT3o9nw2o1,4
IehGkey7,ft1KOaguoxig6fDU,2
IehGkey7,gnjCP3unDH2tgwFz,3
IehGkey7,iHOqDyiCWJd5qTp9,1
IehGkey7,iHl3UNzDKX1L55OF,1
IehGkey7,iOMQ4yMKtHVhJfMy,5
IehGkey7,jdVDAwC9LkVgSBwP,5
IehGkey7,jiPEvUsxm3cnfkZG,1
IehGkey7,joRY16Br2JpJV4sJ,3
IehGkey7,kV24Tomalevd3LKx,4
IehGkey7,kVoYJOdz1MWccDa3,4
IehGkey7,lNR8sp1v6Ez5q2cv,1
IehGkey7,lj3tH1FWcgxFdZNV,3
IehGkey7,n2b5Az5t3GzfvroQ,3
IehGkey7,nJQPOMSy5GLvp7vG,5
IehGkey7,nvN8uKcYEV5YGgiE,3
IehGkey7,oEEzeGUC2FlBDeja,2
IehGkey7,oc25VYRnehXNThPO,1
IehGkey7,p3LV9a0JY1pdXzoi,3
IehGkey7,pPY8w76CFjcyRYMQ,5
IehGkey7,ql1KA2D7GcUsKNWd,3
IehGkey7,rjyLZ8fHNLNdFgNt,3
IehGkey7,rxPk2un7aDIZFqpN,4
IehGkey7,t9zBR49c0SY3AxYV,3
IehGkey7,tbVdg48Ny82dKDn4,2
IehGkey7,tgwa0nx69eLC7qM4,4
IehGkey7,trUIRiqGNvZlUurX,2
IehGkey7,ugmKlhS7xIuTqWEg,3
IehGkey7,vSub90z4NJV6rUZb,2
IehGkey7,voOFgJMKn8FTwStp,2
IehGkey7,w8chOOU5kuQvIoRy,3
IehGkey7,wBMJkotU6YkT27Ts,3
IehGkey7,wMGzs1Qo3WGpnTwg,1
IehGkey7,wPM2KdqZfVoFeJCu,1
IehGkey7,wnzgiTBLaLBRjSOo,5
IehGkey7,zEwkhcp2VpOtH9Tm,1
