user,item,rating
mbPQOZV1,0LWZAC86UxQ4YN9S,2
mbPQOZV1,0kG80toKp2msfAut,1
mbPQOZV1,0wfZ8dkzSTDx6F4X,4
mbPQOZV1,1SZlC8Z9gy6rEoYb,4
mbPQOZV1,1rXIAyjoPibxzIOK,1
mbPQOZV1,2NqIBXSAK82Qj8A8,4
mbPQOZV1,2vgyajdOgSNsNinI,3
mbPQOZV1,36tBs5Z7X5Wn7jOG,2
mbPQOZV1,3Ssd7yV1k25rPbw3,5
mbPQOZV1,46227weCVdlV6DNH,2
mbPQOZV1,4UpwP9PI4WRbGpYR,4
mbPQOZV1,5FuYbRJPSjEp3vjm,5
mbPQOZV1,5jGWMLpLKUazuSml,1
mbPQOZV1,5zJh9TmOnlaM5UmJ,5
mbPQOZV1,69uXGUvaM9nbRErr,2
mbPQOZV1,6MsUdNDIrBdQXrh3,5
mbPQOZV1,7F7hVv1ybkaDEl6p,1
mbPQOZV1,7dLsSV3NJygfLjey,2
mbPQOZV1,7pZD29PGvcadslIL,1
mbPQOZV1,8avlBxNXRn3ltePF,2
mbPQOZV1,9xDfotH51RwE0SJ4,3
mbPQOZV1,A4sZlTBR2kJsUUNa,3
mbPQOZV1,AIgJkLjAWFsjryh1,1
mbPQOZV1,APIlmb6SvQvNUt83,2
mbPQOZV1,AULxStFEDQpXjqnO,3
mbPQOZV1,Au994PMM3I970ihL,1
mbPQOZV1,BJDglKpX3wGpW7RY,2
mbPQOZV1,CvFDfEHqzEno0pYB,5
mbPQOZV1,CvanskBuLgvWnXvI,2
mbPQOZV1,CxTBqRJ2CRQcqiYG,4
mbPQOZV1,CxlIYv58qQY9nUDY,2
mbPQOZV1,E11DeRjaImszYlpi,1
mbPQOZV1,EM6SuSRJHnSSlWqh,3
mbPQOZV1,En4FMh8gR922RlIx,4
mbPQOZV1,F0yFBj7ccvcytXJI,5
mbPQOZV1,FFDgrptgr2z7DV0a,2
mbPQOZV1,GF2jifks0NcnquPW,4
mbPQOZV1,Go9Fa2QQVIMJuwAL,5
mbPQOZV1,GzGPhPL7hTclBzHM,3
mbPQOZV1,HTGHDZJKQMOLAIgK,5
mbPQOZV1,HmgtChm3f2QYfEr5,5
mbPQOZV1,IWh8AVRoWTyGGeFw,4
mbPQOZV1,IhFvFos1K5cFafve,3
mbPQOZV1,JbxyZBbGcSu8EpGW,2
mbPQOZV1,JfAE32tryC9sSEFY,1
mbPQOZV1,Jur7YFkrJh2W8SR5,3
mbPQOZV1,KZbC6AnR5Lfy95y1,4
mbPQOZV1,LTmer5Kb7yWJALap,1
mbPQOZV1,LZNierygcVuisznP,5
mbPQOZV1,LqfLHw7rRoecPE2T,1
mbPQOZV1,MRVLq6F7oeK81G25,3
mbPQOZV1,Ognwvl1aY39foJe9,3
mbPQOZV1,P4cueYcx6POHt6ki,4
mbPQOZV1,P818vUtI4P1peyoz,4
mbPQOZV1,PBpizeXqapXbkUcF,2
mbPQOZV1,PFnapcDGchhmTuR0,3
mbPQOZV1,PxSHA2zk4zL5LRm9,5
mbPQOZV1,QWakvXOYZOdpOTix,5
mbPQOZV1,QcPxgstVVzAe1Fy5,1
mbPQOZV1,RdnH2nFlSX9Maxhy,5
mbPQOZV1,RrtEyXkdiLpzBedB,5
mbPQOZV1,SSvoxupjKZQLWOJp,4
mbPQOZV1,UGzOAjYQVYHh8xMt,4
mbPQOZV1,UKNvkOGYNrVkayEg,1
mbPQOZV1,ULfaOho7fRQ4C79r,5
mbPQOZV1,UoTUduZNk28BqgT0,2
mbPQOZV1,VAOPgaeNQj81p0dX,1
mbPQOZV1,W5nFU6YmSe9Br5Ot,2
mbPQOZV1,WveeIxtlzs40j1fj,3
mbPQOZV1,X6KP0mJ4PN98YaeG,2
mbPQOZV1,ZnufF1ZwpzTH3ziQ,1
mbPQOZV1,aBEWGkdCo9NEUpRJ,2
mbPQOZV1,axRCvecenGMDjnzO,3
mbPQOZV1,bI52uABME5Os2kvB,3
mbPQOZV1,bWwjZik0c8YRNdgx,3
mbPQOZV1,cVwli3d6mvDghReR,3
mbPQOZV1,cnC2Lp8TGApIaBc7,1
mbPQOZV1,dGkDDJhiZEgZSP83,1
mbPQOZV1,dVWoMnntDwjjwmjk,1
mbPQOZV1,e35G2eY39So5udJj,1
mbPQOZV1,edVi7sq7MzGB0w4K,4
mbPQOZV1,exCT8OtHetIRKxzk,1
mbPQOZV1,gO42lt3fvEoNPK4k,2
mbPQOZV1,gPJMzxlWNKLKnleZ,2
mbPQOZV1,ghJfdLCiQ1L6VEIf,2
mbPQOZV1,kmqIK69pUrwtnGkd,4
mbPQOZV1,l5j3Am7TdBHuJMDj,1
mbPQOZV1,lAdKpyviYEl7bcIB,2
mbPQOZV1,lNR8sp1v6Ez5q2cv,5
mbPQOZV1,ls9O4HsEM8e1VTT7,3
mbPQOZV1,m09WILykiDnbveP8,2
mbPQOZV1,mMuHUSM73nR2fyaU,3
mbPQOZV1,marDwBg9tUynEoH1,3
mbPQOZV1,n2GDQaBn4s8DEhev,1
mbPQOZV1,nMkPj7XAnTQTmyKK,2
mbPQOZV1,nVI41IS6RYofpByI,5
mbPQOZV1,nchjaSl6zkDLwSVs,3
mbPQOZV1,ncjNyVTitJLQ5wPT,5
mbPQOZV1,nz3pgEQK4ACFV6UV,1
mbPQOZV1,o5xZy74Z6Z6rDgUL,2
mbPQOZV1,oTSRSy59hxzkiihs,3
mbPQOZV1,q7qK9b8C07VPjsb6,4
mbPQOZV1,qQQvc4GE9DZmEHjw,3
mbPQOZV1,rPQpbv22B1Ocrt71,1
mbPQOZV1,rjEaOzvGJKdXgCUY,1
mbPQOZV1,sSXOU3OhaZHBiS8Y,4
mbPQOZV1,sUAdEVH3OlAnOzp1,2
mbPQOZV1,uZPdacj3eHFLX0N8,5
mbPQOZV1,uiyGRIoGNXa4NjQD,4
mbPQOZV1,w8crOpjyfpJMhO0Y,1
mbPQOZV1,woalk9qRFu3Kgixy,4
mbPQOZV1,y5kreBVQHDNDkopG,5
mbPQOZV1,yO8XGg7a9UHbqatL,3
mbPQOZV1,ySHGYLNC7XtywfIZ,2
mbPQOZV1,yeZcUlaFqrZmEB9a,3
mbPQOZV1,yrltwtIEX93JzLYx,5
mbPQOZV1,zfL4EAaUxSMqxtX1,4
