user,item,rating
d3poSmPx,0bDQ4qUD8e9U4vg7,5
d3poSmPx,1RcU5LuNtp07ejr2,2
d3poSmPx,26sI4bKbS7fM7O6y,4
d3poSmPx,2MuADzavcbzz2LNz,2
d3poSmPx,2TbTz7r4Yz0gpFS5,5
d3poSmPx,2xXFEFHstUIZGqRJ,3
d3poSmPx,3HThHYoPWn4IVJlm,5
d3poSmPx,41i1nAdbFhkn0m0O,3
d3poSmPx,44MFrPTsqVRkWqyy,1
d3poSmPx,4FJRwRCfGjYoUwhv,5
d3poSmPx,4Ll1xmk3BAjuAVAk,2
d3poSmPx,4qBxTihK3xvYQS6r,4
d3poSmPx,4wT8i0nAVZ0B79QP,5
d3poSmPx,5cbqt7zMVIO9RS4i,1
d3poSmPx,5mxqTh18jmrwCjkT,3
d3poSmPx,6x3yFtoral2nFeB9,3
d3poSmPx,7J4B0ztqgYRPBlT7,1
d3poSmPx,7zvUP5tfTlGLjArc,1
d3poSmPx,8Q8BKi1LR8FaP66M,4
d3poSmPx,9C6JailrSZRA6Hz7,2
d3poSmPx,A6WKiiQIZw9IYihs,3
d3poSmPx,APIlmb6SvQvNUt83,4
d3poSmPx,BFHagHNiSnl6cIu2,1
d3poSmPx,BJDglKpX3wGpW7RY,2
d3poSmPx,BPGDz7AoUewgqAJ0,1
d3poSmPx,BuuD4wdLAkgO3LJS,4
d3poSmPx,DIwBUPS3IUz3C4Aq,3
d3poSmPx,DIyaQEDDWimMwu11,5
d3poSmPx,EgtveATqtcCa4GJP,3
d3poSmPx,EpTLXzLS9iSD6EAz,4
d3poSmPx,F8ZYFFpPowJjmGNF,2
d3poSmPx,FiTkLsyLYsz2JlzN,1
d3poSmPx,Fl5UMTsLFNpCyBEG,3
d3poSmPx,GFKs1Ig1FoDXGqfJ,4
d3poSmPx,HVIfHSpcFcl8wPak,3
d3poSmPx,Hi1yNQFs0UiXwmfF,3
d3poSmPx,KUT1Gp5AwbevFlNz,2
d3poSmPx,LCLKl48VoaReozhK,4
d3poSmPx,LEaJGUUCt7bmTg35,5
d3poSmPx,MWTEAh6euAmSRKMF,2
d3poSmPx,MuGRV5kxllYWsA6i,5
d3poSmPx,N0bKPeE5Ig63cCZo,4
d3poSmPx,NN9QaCIVMOPIQd3p,1
d3poSmPx,NNPYJo7H1ikuTku0,2
d3poSmPx,Npfyua8IBnR8tSFR,5
d3poSmPx,P4cueYcx6POHt6ki,1
d3poSmPx,PKhgwv5cSK4UK44G,4
d3poSmPx,PTtDhsC3EwGMguF9,3
d3poSmPx,QBnISJZ7UxHQesDK,3
d3poSmPx,QWakvXOYZOdpOTix,3
d3poSmPx,Qvvhl9Z7rJ0pDTVe,4
d3poSmPx,R3G20As1PinbBmBs,2
d3poSmPx,RqpUx3WHo8eRCvAr,2
d3poSmPx,Rx5WxhOXYgcPuxPp,5
d3poSmPx,SSvoxupjKZQLWOJp,3
d3poSmPx,SimheDdVNgGdiwQL,2
d3poSmPx,TN5UFakQN3O99MbS,3
d3poSmPx,TYzjpDSp6aqJZoNL,1
d3poSmPx,Tk7EyMU0eh8mHwy4,4
d3poSmPx,Ty9UV2Xv0oRjlJVs,2
d3poSmPx,U0Qoe5Fx4dQKs8MR,5
d3poSmPx,VBhS7YcjPUErypcf,2
d3poSmPx,VxqwS29AXdwcTurZ,3
d3poSmPx,Wbgvxpeu0PNdM1bl,4
d3poSmPx,Wni6R8Xy7XQTQg3o,2
d3poSmPx,XbM6UACXyGO2u0b7,3
d3poSmPx,Xxmq28vZQmltmOD7,5
d3poSmPx,YZDkpVqr6gm2KRte,1
d3poSmPx,aLWQpeee6JhgIld4,1
d3poSmPx,aW5NyqHJLK8ipozh,4
d3poSmPx,acjznWJeL0oMfC1M,3
d3poSmPx,aevJUIMKb8dNN0Kf,1
d3poSmPx,b7v8NbTbBpDZ2zTe,3
d3poSmPx,bAk15Ic9Ov0QzL6g,2
d3poSmPx,bbq7pQL4rD0sWvUb,2
d3poSmPx,cU6X6xhBdWSgW9VI,4
d3poSmPx,cVwli3d6mvDghReR,4
d3poSmPx,ce5QyFPuYjjei1uq,5
d3poSmPx,dOS0AJOJSOMCRixl,2
d3poSmPx,dVWoMnntDwjjwmjk,1
d3poSmPx,dY7XDwNVLbYEoBpm,4
d3poSmPx,efwbqyzCJ2bnh1zH,3
d3poSmPx,ejQlJL9PIejCZ1YT,1
d3poSmPx,h6tSb791MdX5Zn9o,3
d3poSmPx,jA2kH1uupzDvUcAW,1
d3poSmPx,jNaufyY47lRepH24,1
d3poSmPx,k2qaFaiX1ZwPRZMu,4
d3poSmPx,kV1X1TeJnavuyXUt,1
d3poSmPx,kYdMa6xqOhErHboh,2
d3poSmPx,l0NoPs4e6bu1aeNu,2
d3poSmPx,n04sQwfrD8kdueqR,1
d3poSmPx,oJHTbwOwdqhhfOwB,5
d3poSmPx,p3f6AtePojiy2wJI,1
d3poSmPx,pAdPoyWWJyvjywiV,2
d3poSmPx,q7qK9b8C07VPjsb6,1
d3poSmPx,qMn0wqtrMcs0bUkw,5
d3poSmPx,qQQvc4GE9DZmEHjw,1
d3poSmPx,qhwuMr35yQkBeFGj,1
d3poSmPx,ql1KA2D7GcUsKNWd,3
d3poSmPx,qwUzmAYNLIhOMflQ,2
d3poSmPx,sqkBrzxSrwFR3CRd,1
d3poSmPx,tHIIerBiRyzSV2c3,4
d3poSmPx,tLC4C6mlhT0dL07C,5
d3poSmPx,tXsYOSUoFCiiaGZV,5
d3poSmPx,vC3yPwwDJ5hlwFMC,3
d3poSmPx,xIsWbeCZvl7lzyo6,3
d3poSmPx,ypstfxIpWXisrPEi,5
d3poSmPx,yrBlo2pXetZM89fm,4
d3poSmPx,z2mJUnT10cqKEjeU,1
