user,item,rating
71ZnF1yZ,0czl9ZEa2VRgID6u,1
71ZnF1yZ,1a4NLyD0n8eJnZqm,1
71ZnF1yZ,21xRQm4HWSKM5yKe,3
71ZnF1yZ,22OiLzqkxeS31xvn,5
71ZnF1yZ,2T0emU5lTeqVcxWW,1
71ZnF1yZ,2s28qMo2RtY7k1MA,1
71ZnF1yZ,36tBs5Z7X5Wn7jOG,3
71ZnF1yZ,3HdLSUT1L2plIOtg,3
71ZnF1yZ,3v7e8cdPRy1Nu5jP,2
71ZnF1yZ,4FJRwRCfGjYoUwhv,5
71ZnF1yZ,4PxPbkADSqi84QJ3,3
71ZnF1yZ,5VYsLR9X3r4cGxHp,5
71ZnF1yZ,5cbqt7zMVIO9RS4i,5
71ZnF1yZ,6ANH3aOTpBdMNf4Z,4
71ZnF1yZ,6ee9eav5taMmijJk,4
71ZnF1yZ,6hZXt1hd7Oo65mzr,3
71ZnF1yZ,6qZePfWoiYPE4ZIT,2
71ZnF1yZ,7dy2APmK5hauUUY0,5
71ZnF1yZ,8n9KWNqZkZdlgNoU,2
71ZnF1yZ,9Cotf8XUdZEf7ZtH,4
71ZnF1yZ,ABHgPF8Ms0kK9apY,2
71ZnF1yZ,Boifc2qr6qZ3gI2b,3
71ZnF1yZ,C2cA4mV35jVDqiNN,2
71ZnF1yZ,CvFDfEHqzEno0pYB,4
71ZnF1yZ,DGsBS6Lsw4m4RzM9,4
71ZnF1yZ,DJhOaguHwONef4LH,4
71ZnF1yZ,DMpSVUrogze051bv,1
71ZnF1yZ,FjpNJ0kAJk4qqc1Z,5
71ZnF1yZ,GEvy5TN3pKbP4t5U,2
71ZnF1yZ,GODTfXTpPwoXMm7Y,4
71ZnF1yZ,H50UdCiyzVdXpTzt,5
71ZnF1yZ,H6OvCWzycBoWbZXs,3
71ZnF1yZ,HZnlcDQB4HnYzIb3,4
71ZnF1yZ,HrVgkCIXGeb1A0dQ,2
71ZnF1yZ,I3DDMqq9rXveBmuz,5
71ZnF1yZ,IUlZ4eko9lIpr18n,2
71ZnF1yZ,JPz0zG2KdbKCBWPb,1
71ZnF1yZ,JR89x51UEx4sW5qc,1
71ZnF1yZ,Jj0FjSolcoCHLmTx,3
71ZnF1yZ,Jo1V2KIjDpAjHT6M,5
71ZnF1yZ,JwifKXrBL0MzzTVE,1
71ZnF1yZ,L5rfJXNcnFreP5VW,5
71ZnF1yZ,ME5fwFJqaz0mFDZ0,4
71ZnF1yZ,NITCIYaEpdsg6V3i,5
71ZnF1yZ,O0YYMtbhVjXVxgPs,5
71ZnF1yZ,PIjp9uS3brku67Y6,1
71ZnF1yZ,PnbUNaolAa7W13ft,3
71ZnF1yZ,RXEcYx3PMZ7dpUfD,4
71ZnF1yZ,RdHWZgZMGGluNhNd,2
71ZnF1yZ,SOGbCqrtSXmk0sjU,2
71ZnF1yZ,T2q38omeofW0laJx,1
71ZnF1yZ,U0Qoe5Fx4dQKs8MR,5
71ZnF1yZ,VBhS7YcjPUErypcf,3
71ZnF1yZ,VNxcpMF2bvRc6Qq9,2
71ZnF1yZ,VSFkgMvfeh5R5cAj,1
71ZnF1yZ,Vg5VJWpNLW25ojQ3,5
71ZnF1yZ,WGrBqr5tQVCKmIt4,3
71ZnF1yZ,WlIVhuSnVX4HxJPD,2
71ZnF1yZ,Wx4lM6DU2VOcKz8M,1
71ZnF1yZ,YKPUfyhMY2XX7jzS,1
71ZnF1yZ,YZnt8pN3WoniJcok,1
71ZnF1yZ,Yf1yyhAJwlr9kWF6,5
71ZnF1yZ,ZhloxfxgS12TbuC6,5
71ZnF1yZ,a4v6JiqP2JAgi6Zj,3
71ZnF1yZ,a7R2mY5iSz91dh23,1
71ZnF1yZ,aI07pqxWSlD9bSO1,1
71ZnF1yZ,acjznWJeL0oMfC1M,2
71ZnF1yZ,beOscenHvBuPQexE,5
71ZnF1yZ,c3ZYeoOBXRquwNcz,5
71ZnF1yZ,cHGQoOHQVyBnmsFc,2
71ZnF1yZ,cSGzUIWwU0kwy5nC,4
71ZnF1yZ,cVwli3d6mvDghReR,2
71ZnF1yZ,cfwgFEaWvfvmKoOE,4
71ZnF1yZ,ckwof9hj34JGwP7w,4
71ZnF1yZ,dc1us0US2kj4geI9,3
71ZnF1yZ,efwbqyzCJ2bnh1zH,5
71ZnF1yZ,exRzzfv8cOflyeqW,3
71ZnF1yZ,g0wAT0hrHUD5PXlp,4
71ZnF1yZ,h9AS2ew5ti0HdG0f,2
71ZnF1yZ,hi40wFEEJshQgboH,2
71ZnF1yZ,iOejOulxIg0Ukxtp,3
71ZnF1yZ,igjzSX9sBrtFXsoK,4
71ZnF1yZ,j32gQZzDyYBurv2h,5
71ZnF1yZ,jJ9iVZnJmkEagx4H,3
71ZnF1yZ,jmErEHO7UyZRfu8J,5
71ZnF1yZ,kdjqCjuQk4SV69pY,3
71ZnF1yZ,kgGldR5Wx8CCcLUS,4
71ZnF1yZ,khdLfBwMTFLerRCw,3
71ZnF1yZ,l2IlQXdd6kL3WZn5,3
71ZnF1yZ,l2fMyx4EPbc0tLn4,4
71ZnF1yZ,l6qyD6pSVp39D1PV,1
71ZnF1yZ,lNR8sp1v6Ez5q2cv,4
71ZnF1yZ,lj3tH1FWcgxFdZNV,2
71ZnF1yZ,mzAclAjscdl0lM9e,1
71ZnF1yZ,nJQPOMSy5GLvp7vG,4
71ZnF1yZ,nmb7Zily38LjD6al,3
71ZnF1yZ,o3ztz8lr1DtMwgI4,4
71ZnF1yZ,o9s0OEJ3fO34TKof,4
71ZnF1yZ,oh2Z0IfA5E78NW3P,1
71ZnF1yZ,ouUYxDbrVr91J5k1,1
71ZnF1yZ,pbmZ9ll0YRzOLYOI,2
71ZnF1yZ,q0QUp5qlZ9JTIB2L,5
71ZnF1yZ,rmjsCwXnOxLUkpvF,2
71ZnF1yZ,sHato2dyUR5jtPv3,1
71ZnF1yZ,t0IojjUuAI4FnHRp,5
71ZnF1yZ,tG1OmPUcAPzxbd5S,3
71ZnF1yZ,tSZPZAGINbYbe3lM,5
71ZnF1yZ,tXsYOSUoFCiiaGZV,2
71ZnF1yZ,v6ANuSNqR3fLPldF,2
71ZnF1yZ,vSub90z4NJV6rUZb,2
71ZnF1yZ,vgLBMprblNQ7ucBB,5
71ZnF1yZ,w8chOOU5kuQvIoRy,5
71ZnF1yZ,yB7zdbBTcFEk00RQ,2
71ZnF1yZ,zHjRpKM1QeDopT66,3
71ZnF1yZ,zwV5AU1OnLAS9gQr,4
