user,item,rating
vXV5DSwX,0TUVnxT8mZi0me73,1
vXV5DSwX,0bDQ4qUD8e9U4vg7,2
vXV5DSwX,0ph5epZOqBpuOCrs,1
vXV5DSwX,1ASNzXdpHs8oZqIW,1
vXV5DSwX,1UMCWBX4OgWPGXUS,3
vXV5DSwX,1jOHmmQ0bTPp6Z2s,2
vXV5DSwX,2EOuzH0cG8vKJnWm,4
vXV5DSwX,2H9IYXMXuACFN09g,2
vXV5DSwX,3H09EnDDFksTHQbC,3
vXV5DSwX,3HThHYoPWn4IVJlm,3
vXV5DSwX,3Jv90YqmCTy3A9Pm,5
vXV5DSwX,3UlwkGzrqKKDuh3X,2
vXV5DSwX,7J4B0ztqgYRPBlT7,2
vXV5DSwX,8DMYbSWuIWUnw371,2
vXV5DSwX,8UEcHLVp6PuhDdUT,4
vXV5DSwX,94RCy5LSl73V9acJ,5
vXV5DSwX,9YEqyiCdGv6FMjSr,2
vXV5DSwX,BJDglKpX3wGpW7RY,2
vXV5DSwX,C9b6H4QyHOuHqCuA,5
vXV5DSwX,DCGfbfx5Ws2EsZk3,4
vXV5DSwX,DQGBw0bg4SXtClag,5
vXV5DSwX,E11DeRjaImszYlpi,3
vXV5DSwX,E6o1edesXpT5C0QO,3
vXV5DSwX,EAkREOaI2aj27S42,4
vXV5DSwX,ELCCKBhbs5UcOVf4,2
vXV5DSwX,EgtveATqtcCa4GJP,5
vXV5DSwX,Fl5UMTsLFNpCyBEG,4
vXV5DSwX,FpIoXZejoidPdDQw,4
vXV5DSwX,GEDWGzR5cdb9Kr6S,4
vXV5DSwX,GUGKCwkbIhs0LcS2,3
vXV5DSwX,Gq7wiGzq9FWxtVf1,5
vXV5DSwX,HmgtChm3f2QYfEr5,5
vXV5DSwX,IYsxqAvLSM7YirVP,2
vXV5DSwX,J1CL0AHYmkn61xsD,4
vXV5DSwX,KkLP3o1oEeKdWWJe,1
vXV5DSwX,MKGGucH3kopfqXfu,2
vXV5DSwX,MgXVGz2vOOoi9ToI,4
vXV5DSwX,NLM2W4xdqjkpfKs4,1
vXV5DSwX,NOBytBvmEF477pVN,1
vXV5DSwX,NbQ1Uf4UVmZcpGXS,1
vXV5DSwX,NsGmu4Y5ko1G2QMT,4
vXV5DSwX,R8a46oYlyKIT5ePa,1
vXV5DSwX,RaxieW7liJDpcgj9,2
vXV5DSwX,RhuXQZ3YPCldcwJB,3
vXV5DSwX,SrJIYMUjnnv5ESDL,3
vXV5DSwX,TAnUhHvHiGALzqGX,4
vXV5DSwX,TClhMkcV6bhGvxr0,1
vXV5DSwX,TX11Gi196Y3yKOMz,3
vXV5DSwX,TaJCoPEL1mLpJ7HP,1
vXV5DSwX,UCsXN2yamombJfQb,2
vXV5DSwX,UfkzXvigWOhvJo9M,1
vXV5DSwX,VTiZwcZ8gF9cm48c,2
vXV5DSwX,W2jiU3C2LtTwmpX5,1
vXV5DSwX,WVdfIbyUBN9WqW1H,5
vXV5DSwX,XYek6wFEqZmWHyPv,5
vXV5DSwX,YKPUfyhMY2XX7jzS,1
vXV5DSwX,YOHTrrhTmuNwqlmo,4
vXV5DSwX,Yi4UBpNjgJaJEFQ4,2
vXV5DSwX,ZGAFpgdLauP3Ue1E,4
vXV5DSwX,ZToHFOJ7kqSprv2u,5
vXV5DSwX,a4v6JiqP2JAgi6Zj,3
vXV5DSwX,avnngf9Jhr8SjRNw,3
vXV5DSwX,axRCvecenGMDjnzO,2
vXV5DSwX,bDaxCXO32PNTvLX9,2
vXV5DSwX,bLsIJbjYLQfgOfqa,1
vXV5DSwX,bjLJ7l1Z5wL2FT8R,4
vXV5DSwX,cNjRsLLrsVosjhcH,4
vXV5DSwX,dtrJFHbIIqlcX6iK,2
vXV5DSwX,ebjuwzrTz23LafsW,5
vXV5DSwX,fDH7iSWR70vXNLKN,2
vXV5DSwX,hSld3beMSYUJxCWH,3
vXV5DSwX,hVfE4lDzGh5B0ec8,3
vXV5DSwX,iRtddr9L3jkJZNtX,3
vXV5DSwX,jBuWip4AqPGCn8XZ,5
vXV5DSwX,jmErEHO7UyZRfu8J,5
vXV5DSwX,kOlP0Hf0EYYyUEqx,3
vXV5DSwX,kiIpXW7bmy16Buny,2
vXV5DSwX,lvrrZ0ZGakH4WY1m,1
vXV5DSwX,mAP413RnKcYGB1NI,3
vXV5DSwX,mHezzbUpItVBRpex,1
vXV5DSwX,mSTxhno9Ih1jT0ze,3
vXV5DSwX,marDwBg9tUynEoH1,3
vXV5DSwX,n04sQwfrD8kdueqR,5
vXV5DSwX,n5PsweXYovwGAeX4,3
vXV5DSwX,nVI41IS6RYofpByI,2
vXV5DSwX,oEEzeGUC2FlBDeja,1
vXV5DSwX,qrZDW0ynYzzL8Zg5,1
vXV5DSwX,rGquJjzgEdbIZrnB,2
vXV5DSwX,rn1ZoPClIda5tMk3,3
vXV5DSwX,sqkBrzxSrwFR3CRd,1
vXV5DSwX,st8n3kKWFMMFTTAr,4
vXV5DSwX,sxlInnCPbLosSGfc,1
vXV5DSwX,sxpL5GA4tP2XUuzo,4
vXV5DSwX,t1acaDLcy0mMlOJ1,5
vXV5DSwX,tG1OmPUcAPzxbd5S,1
vXV5DSwX,tOdCg6ZBhNFRORrM,2
vXV5DSwX,wMmkJF9CFYowoKfR,1
vXV5DSwX,wPS2ka8bK20nl1Yb,5
vXV5DSwX,wPgxcYZEQtyhm0C2,2
vXV5DSwX,wnzgiTBLaLBRjSOo,1
vXV5DSwX,wpYemc2NhvIfHDwN,2
vXV5DSwX,xMhVyZU8C8Yy9dWc,3
vXV5DSwX,xqCBdF6LQiMjIL7q,5
vXV5DSwX,y5kreBVQHDNDkopG,4
vXV5DSwX,z1AaC2IPTgnlom67,4
vXV5DSwX,zK1pTHHT7PG4GS6I,3
