user,item,rating
7nIGXw1o,0fPANMiJwWGRZop9,5
7nIGXw1o,1Bji5PQIOKXaMGZq,2
7nIGXw1o,1RcU5LuNtp07ejr2,2
7nIGXw1o,1xUn8lmYycvYN4DY,4
7nIGXw1o,2s28qMo2RtY7k1MA,2
7nIGXw1o,2vgyajdOgSNsNinI,4
7nIGXw1o,3KiKHyR0E95BIoAC,4
7nIGXw1o,3UlwkGzrqKKDuh3X,4
7nIGXw1o,3qrKK4sd1J8zlYcu,1
7nIGXw1o,3rkhfn36YvDJZZM2,5
7nIGXw1o,3uzxJmF98k6CdlLn,1
7nIGXw1o,4UpwP9PI4WRbGpYR,3
7nIGXw1o,4vnYpwl0APd1HuHQ,2
7nIGXw1o,5ARdMBRA5cQWlCQZ,4
7nIGXw1o,5GATwERwOJn8FU52,5
7nIGXw1o,5QJvEzWm9NAfEPpy,4
7nIGXw1o,5SksLPiE48wxmV4c,1
7nIGXw1o,5vChnp2SNh8dx7kU,3
7nIGXw1o,6tUs31Vwnw22MakT,1
7nIGXw1o,76p6W6xL85OcDxR9,4
7nIGXw1o,7Bco0B4GzOWDdNbu,4
7nIGXw1o,7T78lr3KG8xipMqE,4
7nIGXw1o,8FVToFZYNNHgTSji,3
7nIGXw1o,8SdB6voVlZePxTB6,4
7nIGXw1o,8avlBxNXRn3ltePF,5
7nIGXw1o,9alJp0QIb32dH8Rv,3
7nIGXw1o,AQdKnqIrQJXsKcIX,1
7nIGXw1o,BFHagHNiSnl6cIu2,1
7nIGXw1o,BdypBDO2qtRnPSsQ,4
7nIGXw1o,CqhIpUv7SZy3Ibde,2
7nIGXw1o,F0yFBj7ccvcytXJI,5
7nIGXw1o,FHH9RA9TNF3ohll4,1
7nIGXw1o,FiTkLsyLYsz2JlzN,5
7nIGXw1o,H50UdCiyzVdXpTzt,2
7nIGXw1o,H8EuEjCWr3K9wyd9,3
7nIGXw1o,Hzej1yfxJVlmdV2H,2
7nIGXw1o,I7eoIC5qBCiirXEe,1
7nIGXw1o,IBxnZPwPJtNkV21z,5
7nIGXw1o,IvDjrsVEmiV8jGMo,2
7nIGXw1o,J5b1B9YfK6tBw75Y,2
7nIGXw1o,J5zaw5zK3SDsHj7a,3
7nIGXw1o,JC6dmrQDyHCQoOtU,1
7nIGXw1o,JfAE32tryC9sSEFY,3
7nIGXw1o,JwifKXrBL0MzzTVE,4
7nIGXw1o,KHMPuRwDVny8IzpW,4
7nIGXw1o,KQPxuaH6G6E4Ta09,4
7nIGXw1o,KUIBb1fNRCylns9D,2
7nIGXw1o,LRGOgn3dagPYwY7S,1
7nIGXw1o,MZ4v9aMC6HWSpOyA,3
7nIGXw1o,N0bKPeE5Ig63cCZo,2
7nIGXw1o,NiBfz8ulDE0SIUtU,5
7nIGXw1o,OjRg5r3EC1UNltvr,1
7nIGXw1o,P18luefSwi2JsOAB,1
7nIGXw1o,PnbUNaolAa7W13ft,5
7nIGXw1o,PwswUIyMq54InB5O,2
7nIGXw1o,UYyNJQyT7AwIQ0p4,2
7nIGXw1o,Vaml9Xq2YHoYxiDf,4
7nIGXw1o,VpzBxgYp8whhyVlW,3
7nIGXw1o,ZzJm2wRfuTVUEHvk,3
7nIGXw1o,cKjaIJq8CsrWCOj2,2
7nIGXw1o,ciPP52CRFHr9ZjDP,1
7nIGXw1o,d3JtRAnBSumtERqp,4
7nIGXw1o,d4SaVkHRbQTTTJOk,4
7nIGXw1o,dXgwM2uOD0EzJ552,3
7nIGXw1o,fGxKiJz4W7KoJ21R,2
7nIGXw1o,fIPobLfT3o9nw2o1,3
7nIGXw1o,fS1STeLPxKzs3FEH,5
7nIGXw1o,hWphlSJTLHd62bCJ,5
7nIGXw1o,hebjDkXbHkS0areJ,4
7nIGXw1o,i261ajEqUnUlZk9U,2
7nIGXw1o,ipXwS9b9KYvwLpkb,5
7nIGXw1o,jNaufyY47lRepH24,3
7nIGXw1o,kFRETZ7eigurRIXr,3
7nIGXw1o,l0NoPs4e6bu1aeNu,2
7nIGXw1o,lGDkBFzTbr7NNN3n,1
7nIGXw1o,lPTA0XL0otnrtK0A,4
7nIGXw1o,lgRVGGfnWn02qUse,5
7nIGXw1o,m09WILykiDnbveP8,5
7nIGXw1o,mZr6raLO4z8GxXM8,5
7nIGXw1o,n04sQwfrD8kdueqR,4
7nIGXw1o,n4mv0XIqF11WWiEl,3
7nIGXw1o,n5PsweXYovwGAeX4,5
7nIGXw1o,nJQPOMSy5GLvp7vG,1
7nIGXw1o,njSz3CsKJLDgjmot,3
7nIGXw1o,o3ztz8lr1DtMwgI4,5
7nIGXw1o,oJHTbwOwdqhhfOwB,2
7nIGXw1o,pArMy90sntfONFyX,5
7nIGXw1o,pF1Fif486YUHDgNg,4
7nIGXw1o,pNUKSFbB0okcYy3f,3
7nIGXw1o,pSEkNzSlSXWBSqIJ,4
7nIGXw1o,qAITGsIKtAo5WYxB,3
7nIGXw1o,rG9JilOsx8YTgFPP,1
7nIGXw1o,rjEaOzvGJKdXgCUY,4
7nIGXw1o,szMY3FGC2mRNZXc9,1
7nIGXw1o,tAUd7yiASf6Zzi6d,4
7nIGXw1o,tLtsJDShP444R8f0,1
7nIGXw1o,tXsYOSUoFCiiaGZV,2
7nIGXw1o,tbA95e9WXfo9cYfV,1
7nIGXw1o,uUnfyKkhE8VdNesg,5
7nIGXw1o,uc7xnCl1trKECjIF,1
7nIGXw1o,uiyGRIoGNXa4NjQD,3
7nIGXw1o,vxs33hsgKQBDhnNy,3
7nIGXw1o,w8crOpjyfpJMhO0Y,5
7nIGXw1o,wBMJkotU6YkT27Ts,2
7nIGXw1o,wPS2ka8bK20nl1Yb,5
7nIGXw1o,wnzgiTBLaLBRjSOo,5
7nIGXw1o,xQaQyeAg4ll7EFdC,5
7nIGXw1o,yeaXMQRSaG2j75Mp,5
7nIGXw1o,z1AaC2IPTgnlom67,4
7nIGXw1o,z2mJUnT10cqKEjeU,1
7nIGXw1o,zYNBh92jnL4vjZfg,3
