user,item,rating
ZqfEqObj,0UBk5kTrMdSOYNWh,2
ZqfEqObj,0bpZVEEremlamg34,4
ZqfEqObj,2BCoxWutXheDqGRX,3
ZqfEqObj,2V703JzVkZVPYW85,4
ZqfEqObj,2wchZjd8rMM859nb,4
ZqfEqObj,3v7e8cdPRy1Nu5jP,4
ZqfEqObj,44MFrPTsqVRkWqyy,4
ZqfEqObj,46227weCVdlV6DNH,1
ZqfEqObj,4g5E3TJXJjAWxnMt,5
ZqfEqObj,5jGWMLpLKUazuSml,5
ZqfEqObj,5tNiNntRFkhdOhBU,4
ZqfEqObj,7zvUP5tfTlGLjArc,1
ZqfEqObj,94aIfKACcUdQa7b5,5
ZqfEqObj,9eBARJg3SrSZzwGi,1
ZqfEqObj,9xDfotH51RwE0SJ4,4
ZqfEqObj,A36Y1CZUBLrLPQKO,4
ZqfEqObj,A4sZlTBR2kJsUUNa,4
ZqfEqObj,AKCU0o1QbBcN3iEL,4
ZqfEqObj,B6pmykIzH9a25lFk,2
ZqfEqObj,BQCrg2Ug50yUskZd,1
ZqfEqObj,Bnhw3CsBXwTOvlb3,5
ZqfEqObj,Br3IkHIgYtDMoeZd,4
ZqfEqObj,ClynTy43aopHhiRG,4
ZqfEqObj,CvFDfEHqzEno0pYB,4
ZqfEqObj,D1rWDPpEoms4WfFV,1
ZqfEqObj,DGBp2Mtwp8Z2affH,2
ZqfEqObj,DIeuMLAaPBK1QwZ7,1
ZqfEqObj,Dnts4pIeIElT3h3W,3
ZqfEqObj,EmIQKui7tVY9bWqV,5
ZqfEqObj,FzADiUJeFkfiyOyK,2
ZqfEqObj,H27nNynjnDFbpiBn,2
ZqfEqObj,H50UdCiyzVdXpTzt,4
ZqfEqObj,HOQM86CICfJRaEOM,1
ZqfEqObj,HZDcNMBLUI1jd4wN,5
ZqfEqObj,IdTPdEfQOVz1e2sH,4
ZqfEqObj,J2wkNGmsPtzhX2mX,4
ZqfEqObj,J5EuJ578lePWS1sz,5
ZqfEqObj,JJUio3cQraJicnFI,3
ZqfEqObj,JNw25oqihxed7U3Z,1
ZqfEqObj,Jfj9wgSsOwo0ljZ6,4
ZqfEqObj,JzeHCaWkQoDaVA0s,2
ZqfEqObj,KCSQyJ07qlJWGJJh,1
ZqfEqObj,KEE62fjfItJ5Pyap,3
ZqfEqObj,KHMPuRwDVny8IzpW,1
ZqfEqObj,KVPsJ4e06qA9dLJt,3
ZqfEqObj,KkyFDb4qkD3aWk7h,5
ZqfEqObj,Kuek8Cx0SjpBHsAn,5
ZqfEqObj,MKGGucH3kopfqXfu,3
ZqfEqObj,N7EQNYGTAJ5nCJUs,3
ZqfEqObj,NVXn4Hgz7qnrczeb,3
ZqfEqObj,NeZNXvals0TSagn3,4
ZqfEqObj,PykM5IPkARLmJlRU,2
ZqfEqObj,QCCZbRPhZuZJDe5D,4
ZqfEqObj,QQXVeT00K3HKBcOS,4
ZqfEqObj,RM6rnFxRbzd3PGnf,1
ZqfEqObj,RdHWZgZMGGluNhNd,5
ZqfEqObj,RrWGmNC1onjsMNAm,2
ZqfEqObj,S1I7az8HoLXm27OQ,2
ZqfEqObj,SOsIS7Qx85Pxtufn,1
ZqfEqObj,ScGAK6JtOP9WMpqu,3
ZqfEqObj,UIR5jVyvmZgenRcy,2
ZqfEqObj,Urz3X9jbmqCR2PTh,4
ZqfEqObj,VSFkgMvfeh5R5cAj,4
ZqfEqObj,VpzBxgYp8whhyVlW,4
ZqfEqObj,W8G577oW9Zir0Yrh,2
ZqfEqObj,WiP0XKV3J7XwJHRT,2
ZqfEqObj,WveeIxtlzs40j1fj,3
ZqfEqObj,XASdZMVB1Br4wL5j,5
ZqfEqObj,XbM6UACXyGO2u0b7,5
ZqfEqObj,Xp9Va0YadvYcMH0g,4
ZqfEqObj,YuB6W1fLFiyT7BKB,1
ZqfEqObj,ZimglAfDJ9DVGnsO,1
ZqfEqObj,aEzeufPVFCaRfSN8,2
ZqfEqObj,aP4SJhHOcVRSWTt5,5
ZqfEqObj,aW5NyqHJLK8ipozh,5
ZqfEqObj,avnngf9Jhr8SjRNw,3
ZqfEqObj,bWwjZik0c8YRNdgx,5
ZqfEqObj,cnC2Lp8TGApIaBc7,4
ZqfEqObj,d9xnJkBOiw9Gpl5s,5
ZqfEqObj,de87coG0rdxYUVtu,5
ZqfEqObj,ewUHDI7HGmPogCHJ,3
ZqfEqObj,fCGW5SWfvXaNVkgd,4
ZqfEqObj,fINMqon9ENFNHiux,5
ZqfEqObj,fgMrdkydeDHXq2vp,1
ZqfEqObj,g0wAT0hrHUD5PXlp,4
ZqfEqObj,g14at8c8DJzuWBCm,2
ZqfEqObj,inR4Z44OIUD28YPU,2
ZqfEqObj,ixG7ssQHLoIrI7pB,4
ZqfEqObj,jGiDQU23FLnT03yi,3
ZqfEqObj,jJFpBaidA98hFfes,3
ZqfEqObj,kcXDCfgCBCiJyDCF,4
ZqfEqObj,lVpGin7Uidizu7A4,1
ZqfEqObj,mlooBAUBi1izPqdA,1
ZqfEqObj,o58X7a4TSgT0NgL3,3
ZqfEqObj,o5xZy74Z6Z6rDgUL,2
ZqfEqObj,oEFhQnrKnWiJBmdL,3
ZqfEqObj,puI1j79YvQV7ht4w,5
ZqfEqObj,q93G2KpVrtQ6Q5iZ,5
ZqfEqObj,qwUzmAYNLIhOMflQ,2
ZqfEqObj,s7mDEP6NmCjiem16,4
ZqfEqObj,szMY3FGC2mRNZXc9,1
ZqfEqObj,tgwa0nx69eLC7qM4,2
ZqfEqObj,uGM5NmO7Q6U6za7Y,3
ZqfEqObj,uuTpSlC8OBa7oK24,3
ZqfEqObj,w1pi1vtSKBxY4MFX,4
ZqfEqObj,wnzgiTBLaLBRjSOo,4
ZqfEqObj,wuLDyQr4DF6eSWtQ,3
ZqfEqObj,ySHGYLNC7XtywfIZ,3
ZqfEqObj,zEhrhmNOsTS7TEuf,3
ZqfEqObj,zGw83mtw14WwT6IV,3
ZqfEqObj,zHjRpKM1QeDopT66,1
ZqfEqObj,zwV5AU1OnLAS9gQr,1
