user,item,rating
mkM7VDRB,0NlDdAACVeC1Efgi,5
mkM7VDRB,0OiVOga2oyRNivzs,2
mkM7VDRB,12UDQJC6BQ6Vgf7S,4
mkM7VDRB,1SZlC8Z9gy6rEoYb,1
mkM7VDRB,1yDUe7fCQl5x3xLU,5
mkM7VDRB,2wchZjd8rMM859nb,3
mkM7VDRB,3uzxJmF98k6CdlLn,2
mkM7VDRB,5GATwERwOJn8FU52,2
mkM7VDRB,5MRuns1Y8IPyqHMX,5
mkM7VDRB,5VPUhKWEUMlzYHJ4,4
mkM7VDRB,5bHnvIFQ2AUMLbnE,4
mkM7VDRB,5vRZp8DBWxXk4vQx,1
mkM7VDRB,6MsUdNDIrBdQXrh3,1
mkM7VDRB,6hZXt1hd7Oo65mzr,4
mkM7VDRB,6qEnOkX9a9WKPC7T,2
mkM7VDRB,7u83chqGb5up73n8,2
mkM7VDRB,8avlBxNXRn3ltePF,2
mkM7VDRB,8ziLUOqmJsMv2qrN,4
mkM7VDRB,9YEqyiCdGv6FMjSr,5
mkM7VDRB,Ag4vwfyLZvEPGMoD,3
mkM7VDRB,BPGDz7AoUewgqAJ0,1
mkM7VDRB,CoWy7e49nhUP2xWV,3
mkM7VDRB,CpIVlhAMEbeef27l,3
mkM7VDRB,DGBp2Mtwp8Z2affH,4
mkM7VDRB,DIeuMLAaPBK1QwZ7,3
mkM7VDRB,Daw4iPH5Zgs8Hs3i,5
mkM7VDRB,E11DeRjaImszYlpi,5
mkM7VDRB,EZ6Djn5bDC50P5gp,1
mkM7VDRB,FuqPTI5nboM1F0bX,5
mkM7VDRB,GcgyQHLpN36dl9Tr,1
mkM7VDRB,GgogAW8uhLBHTUzy,1
mkM7VDRB,GzGPhPL7hTclBzHM,5
mkM7VDRB,H6OvCWzycBoWbZXs,1
mkM7VDRB,HGTdytOmBHVLQZEM,3
mkM7VDRB,Hr6wI2IOxu3rlPdP,3
mkM7VDRB,HrVgkCIXGeb1A0dQ,2
mkM7VDRB,I4fqCGV91AYxEH6l,4
mkM7VDRB,IAk3ZMS9izVNwNy6,4
mkM7VDRB,J5KKzK8wVAuG1o6a,2
mkM7VDRB,JZC6zDJI50y3ZYiO,5
mkM7VDRB,KUIBb1fNRCylns9D,5
mkM7VDRB,LoWKdg9TfrE6mPpf,1
mkM7VDRB,MgXVGz2vOOoi9ToI,4
mkM7VDRB,MuFcCdGdXz2z6ehz,2
mkM7VDRB,NNPYJo7H1ikuTku0,2
mkM7VDRB,NiBfz8ulDE0SIUtU,3
mkM7VDRB,NsfLaWCd03Dsf2PO,3
mkM7VDRB,NyhpY9Vt0EoMqGuo,1
mkM7VDRB,OemJfWpnbr7WGRIk,5
mkM7VDRB,P18luefSwi2JsOAB,4
mkM7VDRB,PCthcg8uiHR086zU,1
mkM7VDRB,QetmenshIb4Ce3AQ,4
mkM7VDRB,QvVLjpZSuL5ebsyH,3
mkM7VDRB,T5Tl2pUdZ3NNfuwZ,1
mkM7VDRB,TAnUhHvHiGALzqGX,5
mkM7VDRB,TOzCwpynsWhPJKj5,3
mkM7VDRB,TrTCjyTfBBONHLSZ,2
mkM7VDRB,UfkzXvigWOhvJo9M,2
mkM7VDRB,Vuc1C5THm2sxmOal,3
mkM7VDRB,VxqwS29AXdwcTurZ,4
mkM7VDRB,WIJ5o35JEcH7nKph,2
mkM7VDRB,WveeIxtlzs40j1fj,5
mkM7VDRB,X9Nf17TKnmx5KuLD,4
mkM7VDRB,XO1FPINjtzMK3rOg,5
mkM7VDRB,Xxmq28vZQmltmOD7,3
mkM7VDRB,YKPUfyhMY2XX7jzS,3
mkM7VDRB,YT9ttxyMOrV6HPje,2
mkM7VDRB,Z8aFmq7bG26mqOCt,2
mkM7VDRB,ajtjTephnllSScg1,2
mkM7VDRB,bLsIJbjYLQfgOfqa,3
mkM7VDRB,bh8XV2NGih1qRnZb,1
mkM7VDRB,cBQPhHhQ4HsOcIy1,5
mkM7VDRB,cHGQoOHQVyBnmsFc,4
mkM7VDRB,d5Dko4Xfa1vKcJSP,3
mkM7VDRB,dGkDDJhiZEgZSP83,2
mkM7VDRB,dHRVKqON87BPRTO1,4
mkM7VDRB,dsdybeacCyFiXAAT,4
mkM7VDRB,fINMqon9ENFNHiux,5
mkM7VDRB,gl93KRPlMNs0Lbvr,4
mkM7VDRB,hPFVKu7IqbLftYFd,2
mkM7VDRB,hebjDkXbHkS0areJ,5
mkM7VDRB,hkYR4uUomRESkbfS,2
mkM7VDRB,ifCOovat1FMuQ2oN,2
mkM7VDRB,jNaufyY47lRepH24,2
mkM7VDRB,lgRVGGfnWn02qUse,5
mkM7VDRB,ntPifWd9pIfK99Lr,5
mkM7VDRB,nyccVTm2lFzJAJkN,4
mkM7VDRB,oTSRSy59hxzkiihs,1
mkM7VDRB,pbmZ9ll0YRzOLYOI,4
mkM7VDRB,pn6aKEpLENurG46D,4
mkM7VDRB,pnNqua0aPyrE8edm,3
mkM7VDRB,q2DtkBFo7m9jru8P,4
mkM7VDRB,qBjVRPoxfitt4xNE,1
mkM7VDRB,rIWQ5DPSjSYJn3oa,1
mkM7VDRB,rj5xf0lZkwDmoOfG,1
mkM7VDRB,s1CLFfPR68V8RVd9,4
mkM7VDRB,t9SG6Icn47uCVQkP,4
mkM7VDRB,tsj1uTVKqntd0uuQ,1
mkM7VDRB,vGmNgEZoeVwc5nYh,2
mkM7VDRB,wpghbCtPr1Av6QIx,4
mkM7VDRB,yV6X2ilZ5uqFAoQF,5
mkM7VDRB,ykBGM3UcRgF8whc5,3
mkM7VDRB,ylpSOCwl2VBxg5S7,2
mkM7VDRB,zEhrhmNOsTS7TEuf,2
mkM7VDRB,zuMayl0rrzuC9u6K,2
